Departamento,Curso,Início,Fim,Modalidade,semestre
DCBIO,,26/08/2026,,Bolsista,2026.2
DCBIO,,26/08/2026,,Bolsista,2026.2
DCBIO,,26/08/2026,,Bolsista,2026.2
DCBIO,,26/08/2026,,Bolsista,2026.2
DCBIO,,26/08/2026,,Bolsista,2026.2
DCBIO,,26/08/2026,,Bolsista,2026.2
DCBIO,,26/08/2026,,Bolsista,2026.2
DCBIO,,26/08/2026,,Bolsista,2026.2
DCBIO,,26/08/2026,,Bolsista,2026.2
DCBIO,,26/08/2026,,Bolsista,2026.2
DCBIO,,26/08/2026,,Bolsista,2026.2
DCBIO,,26/08/2026,,Bolsista,2026.2
DCBIO,,26/08/2026,,Bolsista,2026.2
DCBIO,,26/08/2026,,Bolsista,2026.2
DCBIO,,26/08/2026,,Bolsista,2026.2
DCBIO,,26/08/2026,,Bolsista,2026.2
DCBIO,,26/08/2026,,Bolsista,2026.2
DCBIO,,26/08/2026,,Bolsista,2026.2
DCBIO,,26/08/2026,,Bolsista,2026.2
DCBIO,,26/08/2026,,Bolsista,2026.2
DCBIO,,26/08/2026,,Bolsista,2026.2
DCBIO,,26/08/2026,,Bolsista,2026.2
DCBIO,,26/08/2026,,Bolsista,2026.2
DCBIO,,26/08/2026,,Bolsista,2026.2
DCBIO,,26/08/2026,,Bolsista,2026.2
DCBIO,,26/08/2026,,Bolsista,2026.2
DCBIO,,26/08/2026,,Bolsista,2026.2
DCBIO,,26/08/2026,,Bolsista,2026.2
DCBIO,,26/08/2026,,Bolsista,2026.2
DCBIO,,26/08/2026,,Bolsista,2026.2
DCBIO,,26/08/2026,,Bolsista,2026.2
DCBIO,,26/08/2026,,Bolsista,2026.2
DCBIO,,26/08/2026,,Bolsista,2026.2
DCBIO,,26/08/2026,,Bolsista,2026.2
DCBIO,,26/08/2026,,Bolsista,2026.2
DCBIO,,26/08/2026,,Bolsista,2026.2
DCBIO,,26/08/2026,,Bolsista,2026.2
DCBIO,,26/08/2026,,Bolsista,2026.2
DCBIO,,26/08/2026,,Bolsista,2026.2
DSAU,,26/08/2026,,Bolsista,2026.2
DSAU,,26/08/2026,,Bolsista,2026.2
DSAU,,26/08/2026,,Bolsista,2026.2
DSAU,,26/08/2026,,Bolsista,2026.2
DSAU,,26/08/2026,,Bolsista,2026.2
DSAU,,26/08/2026,,Bolsista,2026.2
DSAU,,26/08/2026,,Bolsista,2026.2
DSAU,,26/08/2026,,Bolsista,2026.2
DSAU,,26/08/2026,,Bolsista,2026.2
DSAU,,26/08/2026,,Bolsista,2026.2
DSAU,,26/08/2026,,Bolsista,2026.2
DSAU,,26/08/2026,,Bolsista,2026.2
DSAU,,26/08/2026,,Bolsista,2026.2
DSAU,,26/08/2026,,Bolsista,2026.2
DSAU,,26/08/2026,,Bolsista,2026.2
DSAU,,26/08/2026,,Bolsista,2026.2
DSAU,,26/08/2026,,Bolsista,2026.2
DSAU,,26/08/2026,,Bolsista,2026.2
DSAU,,26/08/2026,,Bolsista,2026.2
DSAU,,26/08/2026,,Bolsista,2026.2
DSAU,,26/08/2026,,Bolsista,2026.2
DSAU,,26/08/2026,,Bolsista,2026.2
DSAU,,26/08/2026,,Bolsista,2026.2
DSAU,,26/08/2026,,Bolsista,2026.2
DSAU,,26/08/2026,,Bolsista,2026.2
DSAU,,26/08/2026,,Bolsista,2026.2
DSAU,,26/08/2026,,Bolsista,2026.2
DSAU,,26/08/2026,,Bolsista,2026.2
DSAU,,26/08/2026,,Bolsista,2026.2
DSAU,,26/08/2026,,Bolsista,2026.2
DSAU,,26/08/2026,,Bolsista,2026.2
DSAU,,26/08/2026,,Bolsista,2026.2
DSAU,,26/08/2026,,Bolsista,2026.2
DSAU,,26/08/2026,,Bolsista,2026.2
DSAU,,26/08/2026,,Bolsista,2026.2
DSAU,,26/08/2026,,Bolsista,2026.2
DSAU,,26/08/2026,,Bolsista,2026.2
DSAU,,26/08/2026,,Bolsista,2026.2
DEXA,,26/08/2026,,Bolsista,2026.2
DEXA,,26/08/2026,,Bolsista,2026.2
DEXA,,26/08/2026,,Bolsista,2026.2
DEXA,,26/08/2026,,Bolsista,2026.2
DEXA,,26/08/2026,,Bolsista,2026.2
DEXA,,26/08/2026,,Bolsista,2026.2
DEXA,,26/08/2026,,Bolsista,2026.2
DEXA,,26/08/2026,,Bolsista,2026.2
DEXA,,26/08/2026,,Bolsista,2026.2
DEXA,,26/08/2026,,Bolsista,2026.2
DEXA,,26/08/2026,,Bolsista,2026.2
DEXA,,26/08/2026,,Bolsista,2026.2
DEXA,,26/08/2026,,Bolsista,2026.2
DEXA,,26/08/2026,,Bolsista,2026.2
DEXA,,26/08/2026,,Bolsista,2026.2
DEXA,,26/08/2026,,Bolsista,2026.2
DEXA,,26/08/2026,,Bolsista,2026.2
DEXA,,26/08/2026,,Bolsista,2026.2
DEXA,,26/08/2026,,Bolsista,2026.2
DEXA,,26/08/2026,,Bolsista,2026.2
DEXA,,26/08/2026,,Bolsista,2026.2
DEXA,,26/08/2026,,Bolsista,2026.2
DEXA,,26/08/2026,,Bolsista,2026.2
DEXA,,26/08/2026,,Bolsista,2026.2
DEXA,,26/08/2026,,Bolsista,2026.2
DTEC,,26/08/2026,,Bolsista,2026.2
DTEC,,26/08/2026,,Bolsista,2026.2
DTEC,,26/08/2026,,Bolsista,2026.2
DTEC,,26/08/2026,,Bolsista,2026.2
DTEC,,26/08/2026,,Bolsista,2026.2
DTEC,,26/08/2026,,Bolsista,2026.2
DTEC,,26/08/2026,,Bolsista,2026.2
DTEC,,26/08/2026,,Bolsista,2026.2
DTEC,,26/08/2026,,Bolsista,2026.2
DTEC,,26/08/2026,,Bolsista,2026.2
DTEC,,26/08/2026,,Bolsista,2026.2
DTEC,,26/08/2026,,Bolsista,2026.2
DTEC,,26/08/2026,,Bolsista,2026.2
DTEC,,26/08/2026,,Bolsista,2026.2
DEDU,,26/08/2026,,Bolsista,2026.2
DEDU,,26/08/2026,,Bolsista,2026.2
DEDU,,26/08/2026,,Bolsista,2026.2
DEDU,,26/08/2026,,Bolsista,2026.2
DLA,,26/08/2026,,Bolsista,2026.2
DLA,,26/08/2026,,Bolsista,2026.2
DLA,,26/08/2026,,Bolsista,2026.2
DLA,,26/08/2026,,Bolsista,2026.2
DLA,,26/08/2026,,Bolsista,2026.2
DLA,,26/08/2026,,Bolsista,2026.2
DLA,,26/08/2026,,Bolsista,2026.2
DLA,,26/08/2026,,Bolsista,2026.2
DLA,,26/08/2026,,Bolsista,2026.2
DLA,,26/08/2026,,Bolsista,2026.2
DLA,,26/08/2026,,Bolsista,2026.2
DCIS,,26/08/2026,,Bolsista,2026.2
DCIS,,26/08/2026,,Bolsista,2026.2
DCIS,,26/08/2026,,Bolsista,2026.2
DCIS,,26/08/2026,,Bolsista,2026.2
DCIS,,26/08/2026,,Bolsista,2026.2
DCIS,,26/08/2026,,Bolsista,2026.2
DCIS,,26/08/2026,,Bolsista,2026.2
DCIS,,26/08/2026,,Bolsista,2026.2
DCIS,,26/08/2026,,Bolsista,2026.2
DFIS,,26/08/2026,,Bolsista,2026.2
DFIS,,26/08/2026,,Bolsista,2026.2
DCHF,,26/08/2026,,Bolsista,2026.2
DCHF,,26/08/2026,,Bolsista,2026.2
DCHF,,26/08/2026,,Bolsista,2026.2
DCHF,,26/08/2026,,Bolsista,2026.2
DCHF,,26/08/2026,,Bolsista,2026.2
DCHF,,26/08/2026,,Bolsista,2026.2
DCHF,,26/08/2026,,Bolsista,2026.2
DCHF,,26/08/2026,,Bolsista,2026.2
DCHF,,26/08/2026,,Bolsista,2026.2
DCHF,,26/08/2026,,Bolsista,2026.2
DCHF,,26/08/2026,,Bolsista,2026.2
DCHF,,26/08/2026,,Bolsista,2026.2
DCHF,,26/08/2026,,Bolsista,2026.2
DCHF,,26/08/2026,,Bolsista,2026.2
DCHF,,26/08/2026,,Bolsista,2026.2
DCHF,,26/08/2026,,Bolsista,2026.2
DCHF,,26/08/2026,,Bolsista,2026.2
DCHF,,26/08/2026,,Bolsista,2026.2
DCHF,,26/08/2026,,Bolsista,2026.2
DCHF,,26/08/2026,,Bolsista,2026.2
DCBIO,Licenciatura em Ciências Biológicas,26/08/2025,25/08/2026,Bolsista,2025.2
DCBIO,Odontologia,26/08/2025,25/08/2026,Bolsista,2025.2
DCBIO,Licenciatura em Ciências Biológicas,26/08/2025,25/08/2026,Bolsista,2025.2
DCBIO,Bacharelado em Educação Física,26/08/2025,25/08/2026,Bolsista,2025.2
DCBIO,Agronomia,26/08/2025,25/08/2026,Bolsista,2025.2
DCBIO,Farmácia,26/08/2025,25/08/2026,Bolsista,2025.2
DCBIO,Agronomia,26/08/2025,25/08/2026,Bolsista,2025.2
DCBIO,Licenciatura em Ciências Biológicas,26/08/2025,25/08/2026,Bolsista,2025.2
DCBIO,Farmácia,26/08/2025,25/08/2026,Bolsista,2025.2
DCBIO,Agronomia,26/08/2025,25/08/2026,Bolsista,2025.2
DCBIO,Odontologia,26/08/2025,25/08/2026,Bolsista,2025.2
DCBIO,Farmácia,26/08/2025,25/08/2026,Bolsista,2025.2
DCBIO,Agronomia,26/08/2025,25/08/2026,Bolsista,2025.2
DCBIO,Licenciatura em Ciências Biológicas,26/08/2025,25/08/2026,Bolsista,2025.2
DCBIO,Licenciatura em Ciências Biológicas,26/08/2025,25/08/2026,Bolsista,2025.2
DCBIO,Agronomia,26/08/2025,25/08/2026,Bolsista,2025.2
DCBIO,Enfermagem,26/08/2025,25/08/2026,Bolsista,2025.2
DCBIO,Agronomia,26/08/2025,25/08/2026,Bolsista,2025.2
DCBIO,Agronomia,26/08/2025,25/08/2026,Bolsista,2025.2
DCBIO,Enfermagem,26/08/2025,25/08/2026,Bolsista,2025.2
DCBIO,Odontologia,26/08/2025,25/08/2026,Bolsista,2025.2
DCBIO,Bacharelado em Ciências Biológicas,26/08/2025,25/08/2026,Bolsista,2025.2
DCBIO,Bacharelado em Farmácia,26/08/2025,26/11/2025,Bolsista,2025.2
DCBIO,Farmácia,26/08/2025,25/08/2026,Bolsista,2025.2
DCBIO,Bacharelado em Ciências Biológicas,26/08/2025,25/08/2026,Bolsista,2025.2
DCBIO,Engenharia de Alimentos,26/08/2025,25/08/2026,Bolsista,2025.2
DCBIO,Agronomia,26/08/2025,25/08/2026,Bolsista,2025.2
DCBIO,Bacharelado em Ciências Biológicas,26/08/2025,25/08/2026,Bolsista,2025.2
DCBIO,Bacharelado em Farmácia,26/08/2025,31/12/2025,Bolsista,2025.2
DCBIO,Bacharelado em Ciências Biológicas,26/08/2025,25/08/2026,Bolsista,2025.2
DCBIO,Bacharelado em enfermagem,26/08/2025,10/03/2026,Bolsista,2025.2
DCBIO,Enfermagem,26/08/2025,25/08/2026,Bolsista,2025.2
DCBIO,Bacharelado em Ciências Biológicas,26/08/2025,25/08/2026,Bolsista,2025.2
DCBIO,Agronomia,26/08/2025,25/08/2026,Bolsista,2025.2
DCBIO,Farmácia,08/09/25,25/08/2026,Bolsista,2025.2
DCBIO,Agronomia,01/09/25,25/08/2026,Bolsista,2025.2
DCBIO,Agronomia,10/09/25,25/08/2026,Bolsista,2025.2
DCBIO,Licenciatura em Ciências Biológicas,10/09/25,25/08/2026,Bolsista,2025.2
DCBIO,Odontologia,01/10/25,25/08/2026,Bolsista,2025.2
DCBIO,Bacharelado em Ciências Biológicas,01/12/25,25/08/2026,Bolsista,2025.2
DCBIO,Licenciatura em Ciências Biológicas,01/12/25,25/08/2026,Bolsista,2025.2
DCBIO,Bacharelado em Farmácia,02/03/26,25/08/2026,Bolsista,2026.1
DCBIO,Bacharelado em Farmácia,02/03/26,25/08/2026,Bolsista,2026.1
DSAU,Enfermagem,26/08/2025,25/08/2026,Bolsista,2025.2
DSAU,Medicina,26/08/2025,25/08/2026,Bolsista,2025.2
DSAU,Farmácia,26/08/2025,25/08/2026,Bolsista,2025.2
DSAU,Bacharelado em Farmácia,26/08/2025,25/08/2026,Bolsista,2025.2
DSAU,Odontologia,26/08/2025,25/08/2026,Bolsista,2025.2
DSAU,Farmácia,26/08/2025,25/08/2026,Bolsista,2025.2
DSAU,Medicina,26/08/2025,25/08/2026,Bolsista,2025.2
DSAU,Farmácia,26/08/2025,25/08/2026,Bolsista,2025.2
DSAU,Odontologia,26/08/2025,25/08/2026,Bolsista,2025.2
DSAU,Odontologia,26/08/2025,25/08/2026,Bolsista,2025.2
DSAU,Enfermagem,26/08/2025,25/08/2026,Bolsista,2025.2
DSAU,Farmácia,26/08/2025,25/08/2026,Bolsista,2025.2
DSAU,Medicina,26/08/2025,25/08/2026,Bolsista,2025.2
DSAU,Medicina,26/08/2025,25/08/2026,Bolsista,2025.2
DSAU,Odontologia,26/08/2025,24/02/2026,Bolsista,2025.2
DSAU,Medicina,26/08/2025,25/08/2026,Bolsista,2025.2
DSAU,Farmácia,26/08/2025,25/08/2026,Bolsista,2025.2
DSAU,Enfermagem,26/08/2025,25/08/2026,Bolsista,2025.2
DSAU,Odontologia,26/08/2025,25/08/2026,Bolsista,2025.2
DSAU,Medicina,26/08/2025,25/08/2026,Bolsista,2025.2
DSAU,Medicina,26/08/2025,25/08/2026,Bolsista,2025.2
DSAU,Odontologia,26/08/2025,25/08/2026,Bolsista,2025.2
DSAU,Odontologia,26/08/2025,25/08/2026,Bolsista,2025.2
DSAU,Odontologia,26/08/2025,25/08/2026,Bolsista,2025.2
DSAU,Odontologia,26/08/2025,25/08/2026,Bolsista,2025.2
DSAU,Odontologia,26/08/2025,25/08/2026,Bolsista,2025.2
DSAU,Odontologia,26/08/2025,25/08/2026,Bolsista,2025.2
DSAU,Medicina,26/08/2025,25/08/2026,Bolsista,2025.2
DSAU,Medicina,08/09/25,25/08/2026,Bolsista,2025.2
DSAU,Medicina,10/09/2025,25/11/2025,Bolsista,2025.2
DSAU,Farmácia,26/08/2025,25/08/2026,Bolsista,2025.2
DSAU,Medicina,10/09/25,25/08/2026,Bolsista,2025.2
DSAU,Odontologia,10/09/25,25/08/2026,Bolsista,2025.2
DSAU,Farmácia,10/09/2025,31/12/2025,Bolsista,2025.2
DSAU,Enfermagem,10/09/2025,28/02/2026,Bolsista,2025.2
DSAU,Odontologia,10/09/25,25/08/2026,Bolsista,2025.2
DSAU,Medicina,10/09/25,25/08/2026,Bolsista,2025.2
DSAU,Enfermagem,10/09/25,25/08/2026,Bolsista,2025.2
DEXA,Engenharia de Computação,26/08/2025,25/08/2026,Bolsista,2025.2
DEXA,Engenharia de Computação,26/08/2025,25/08/2026,Bolsista,2025.2
DEXA,Ciências Ecônomicas,26/08/2025,25/08/2026,Bolsista,2025.2
DEXA,Engenharia de Computação,26/08/2025,24/03/2026,Bolsista,2025.2
DEXA,Licenciatura em Química,26/08/2025,25/08/2026,Bolsista,2025.2
DEXA,Licenciatura em Química,26/08/2025,25/08/2026,Bolsista,2025.2
DEXA,Engenharia de Computação,26/08/2025,25/08/2026,Bolsista,2025.2
DEXA,Engenharia de Computação,26/08/2025,31/08/2025,Bolsista,2025.2
DEXA,Engenharia de Computação,26/08/2025,25/08/2026,Bolsista,2025.2
DEXA,Licenciatura em Matemática,26/08/2025,25/08/2026,Bolsista,2025.2
DEXA,Farmácia,26/08/2025,25/08/2026,Bolsista,2025.2
DEXA,Engenharia de Computação,26/08/2025,25/08/2026,Bolsista,2025.2
DEXA,Engenharia Civil,26/08/2025,25/08/2026,Bolsista,2025.2
DEXA,Química,26/08/2025,31/01/2026,Bolsista,2025.2
DEXA,Licenciatura em Química,26/08/2025,25/08/2026,Bolsista,2025.2
DEXA,Licenciatura em Química,26/08/2025,25/08/2026,Bolsista,2025.2
DEXA,Engenharia de Alimentos,26/08/2025,25/08/2026,Bolsista,2025.2
DEXA,Engenharia Civil,26/08/2025,25/08/2026,Bolsista,2025.2
DEXA,Licenciatura em Física,26/08/2025,25/08/2026,Bolsista,2025.2
DEXA,Bacharelado em Agronomia,01/09/25,25/08/2026,Bolsista,2025.2
DEXA,Engenharia Civil, 08/09/202,25/08/2026,Bolsista,202.2
DEXA,Engenharia Civil,10/09/2025,25/08/2026,Bolsista,2025.2
DEXA,Bacharelado em Administração,26/08/2025,28/02/2026,Bolsista,2025.2
DEXA,Engenharia de Computação,10/09/2025,25/08/2026,Bolsista,2025.2
DEXA,Farmácia,10/09/2025,25/08/2026,Bolsista,2025.2
DEXA,Engenharia da Computação,08/04/2026,25/08/2026,Bolsista,2026.1
DTEC,Engenharia de Computação,26/08/2025,25/08/2026,Bolsista,2025.2
DTEC,Engenharia Civil,26/08/2025,25/08/2026,Bolsista,2025.2
DTEC,Engenharia da Computação,26/08/2025,25/08/2026,Bolsista,2025.2
DTEC,Agronomia,01/09/25,25/08/2026,Bolsista,2025.2
DTEC,Engenharia de Computação,26/08/2025,25/08/2026,Bolsista,2025.2
DTEC,Bacharelado em Engenharia Civil,26/08/2025,25/08/2026,Bolsista,2025.2
DTEC,Engenharia de Computação,26/08/2025,25/08/2026,Bolsista,2025.2
DTEC,Engenharia de Alimentação,26/08/2025,25/08/2026,Bolsista,2025.2
DTEC,Engenharia de Computação,26/08/2025,25/08/2026,Bolsista,2025.2
DTEC,Engenharia de Alimentos,26/08/2025,25/08/2026,Bolsista,2025.2
DTEC,Engenharia de Alimentos,26/08/2025,25/08/2026,Bolsista,2025.2
DTEC,Engenharia da Computação,08/09/2025,25/08/2026,Bolsista,2025.2
DTEC,Engenharia de Alimentos,26/08/2025,25/08/2026,Bolsista,2025.2
DTEC,Engenharia de Computação,10/09/2025,25/08/2026,Bolsista,2025.2
DEDU,Licenciatura em Pedagogia,26/08/2025,18/02/2026,Bolsista,2025.2
DEDU,Licenciatura em Pedagogia,26/08/2025,25/08/2026,Bolsista,2025.2
DEDU,Licenciatura em Educação Física,26/08/2025,24/02/2026,Bolsista,2025.2
DEDU,Licenciatura em Música,26/08/2025,25/08/2026,Bolsista,2025.2
DLA,Licenciatura em Música,26/08/2025,25/08/2026,Bolsista,2025.2
DLA,Engenharia civil,26/08/2025,25/08/2026,Bolsista,2025.2
DLA,"Bacharelado em 
Agronomia",26/08/2025,25/08/2026,Bolsista,2025.2
DLA,Lic. em Letras com Inglês,26/08/2025,25/08/2026,Bolsista,2025.2
DLA,Engenharia Civil,26/08/2025,25/08/2026,Bolsista,2025.2
DLA,Licenciatura em Ciências Biológicas,26/08/2025,25/08/2026,Bolsista,2025.2
DLA,Letras - Língua Portuguesa,26/08/2025,25/08/2026,Bolsista,2025.2
DLA,Bacharelado em Agronomia,26/08/2025,25/08/2026,Bolsista,2025.2
DLA,Licenciatura em Música,26/08/2025,25/08/2026,Bolsista,2025.2
DLA,Licenciatura em Matemática,26/08/2025,25/08/2026,Bolsista,2025.2
DLA,Licenciatura em Letras com Língua Portuguesa,01/09/25,25/08/2026,Bolsista,2025.2
DLA,Licenciatura em Letras com Língua Portuguesa,01/12/25,25/08/2026,Bolsista,2025.2
DCIS,Direito,26/08/2025,25/08/2026,Bolsista,2025.2
DCIS,Bacharelado em Direito,26/08/2025,25/08/2026,Bolsista,2025.2
DCIS,Direito,26/08/2025,25/08/2026,Bolsista,2025.2
DCIS,Direito,26/08/2025,25/08/2026,Bolsista,2025.2
DCIS,Ciências Econômicas,26/08/2025,25/08/2026,Bolsista,2025.2
DCIS,Direito,26/08/2025,25/08/2026,Bolsista,2025.2
DCIS,Bacharelado em Direito,26/08/2025,25/08/2026,Bolsista,2025.2
DCIS,Direito,26/08/2025,25/08/2026,Bolsista,2025.2
DCIS,Direito,10/09/25,25/08/2026,Bolsista,2025.2
DFIS,Licenciatura em Física,26/08/2025,25/08/2026,Bolsista,2025.2
DFIS,Agronomia,26/08/2025,25/08/2026,Bolsista,2025.2
DCHF,Licenciatura em Geografia,26/08/2025,25/08/2026,Bolsista,2025.2
DCHF,Bel em Filosofia,26/08/2025,25/08/2026,Bolsista,2025.2
DCHF,Licenciatura em História,26/08/2025,09/02/2026,Bolsista,2025.2
DCHF,Licenciatura em História,26/08/2025,25/08/2026,Bolsista,2025.2
DCHF,Licenciatura em História,26/08/2025,25/08/2026,Bolsista,2025.2
DCHF,Licenciatura em Geografia,26/08/2025,25/08/2026,Bolsista,2025.2
DCHF,Licenciatura em História,26/08/2025,08/04/2026,Bolsista,2025.2
DCHF,Psicologia,26/08/2025,25/08/2026,Bolsista,2025.2
DCHF,Psicologia,26/08/2025,25/08/2026,Bolsista,2025.2
DCHF,Licenciatura em Geografia,26/08/2025,25/08/2026,Bolsista,2025.2
DCHF,Licenciatura em História,26/08/2025,25/08/2026,Bolsista,2025.2
DCHF,Licenciatura em Letras Língua Portuguesa,26/08/2025,25/08/2026,Bolsista,2025.2
DCHF,Licenciatura em Geografia,26/08/2025,25/08/2026,Bolsista,2025.2
DCHF,Licenciatura e Bacharelado em Geografia,26/08/2025,25/08/2026,Bolsista,2025.2
DCHF,Bacharelado em geografia,26/08/2025,26/08/2025,Bolsista,2025.2
DCHF,Licenciatura em História,26/08/2025,25/08/2026,Bolsista,2025.2
DCHF,Psicologia,26/08/2025,25/08/2026,Bolsista,2025.2
DCHF,Licenciatura em Filosofia,26/08/2025,25/08/2026,Bolsista,2025.2
DCHF,Bacharelado em geografia,26/08/2025,24/02/2026,Bolsista,2025.2
DCHF,Psicologia,10/09/25,25/08/2026,Bolsista,2025.2
DCHF,Bacharelado em Geografia,08/04/2026,25/08/2026,Bolsista,2026.1
DCBIO,Lic. Ciências Biológicas,26/08/2024,25/08/2025,Bolsista,2024.2
DCBIO,Lic. Ciências Biológicas,26/08/2024,25/08/2025,Bolsista,2024.2
DCBIO,Agronomia,26/08/2024,25/08/2025,Bolsista,2024.2
DCBIO,Farmácia,26/08/2024,05/02/2025,Bolsista,2024.2
DCBIO,Farmácia,22/04/2025,25/08/2025,Bolsista,2025.1
DCBIO,Farmácia,26/08/2024,25/08/2025,Bolsista,2024.2
DCBIO,Farmácia,26/08/2024,25/08/2025,Bolsista,2024.2
DCBIO,Odontologia,26/08/2024,31/01/2025,Bolsista,2024.2
DCBIO,Lic. Ciências Biológicas,26/08/2024,25/08/2025,Bolsista,2024.2
DCBIO,Agronomia,26/08/2024,25/08/2025,Bolsista,2024.2
DCBIO,Agronomia,26/08/2024,25/08/2025,Bolsista,2024.2
DCBIO,Enfermagem,26/08/2024,25/08/2025,Bolsista,2024.2
DCBIO,Licenciatura em Ciências Biológicas,26/08/2024,25/08/2025,Bolsista,2024.2
DCBIO,Licenciatura em Ciências Biológicas,26/08/2024,31/01/2025,Bolsista,2024.2
DCBIO,Bacharelado em Odontologia,26/08/2024,25/08/2025,Bolsista,2024.2
DCBIO,Licenciatura em Ciências Biológicas,26/08/2024,25/08/2025,Bolsista,2024.2
DCBIO,Licenciatura em Ciências Biológicas,26/08/2024,25/08/2025,Bolsista,2024.2
DCBIO,Farmácia,26/08/2024,25/08/2025,Bolsista,2024.2
DCBIO,Enfermagem,26/08/2024,25/08/2025,Bolsista,2024.2
DCBIO,Agronomia,26/08/2024,20/01/2025,Bolsista,2024.2
DCBIO,Agronomia,26/08/2024,25/08/2025,Bolsista,2024.2
DCBIO,Agronomia,26/08/2024,25/08/2025,Bolsista,2024.2
DCBIO,Bacharelado em Ciências Biológicas,26/08/2024,25/08/2025,Bolsista,2024.2
DCBIO,Agronomia,26/08/2024,25/08/2025,Bolsista,2024.2
DCBIO,Licenciatura em Ciências Biológicas,26/08/2024,25/08/2025,Bolsista,2024.2
DCBIO,Agronomia,05/09/2024,25/08/2025,Bolsista,2024.2
DCBIO,Licenciatura em Ciências Biológicas,02/09/2024,25/08/2025,Bolsista,2024.2
DCBIO,Agronomia,02/09/2024,31/03/2025,Bolsista,2024.2
DCBIO,Bacharelado em Odontologia,02/09/2024,25/08/2025,Bolsista,2024.2
DCBIO,Bacharelado em Ciências Biológicas,02/09/2024,25/08/2025,Bolsista,2024.2
DCBIO,Odontologia,02/09/2024,25/08/2025,Bolsista,2024.2
DCBIO,Licenciatura em Ciências Biológicas,02/09/2024,25/08/2025,Bolsista,2024.2
DCBIO,Odontologia,02/09/2024,04/08/2025,Bolsista,2024.2
DCBIO,Farmácia,02/09/2024,28/02/2025,Bolsista,2024.2
DCBIO,Odontologia,09/09/2024,25/08/2025,Bolsista,2024.2
DCBIO,Farmácia,11/03/2025,25/08/2025,Bolsista,2025.1
DCBIO,Engenharia de Alimentos,11/03/2025,25/08/2025,Bolsista,2025.1
DCBIO,Agronomia,07/04/2025,25/08/2025,Bolsista,2025.1
DCBIO,Licenciatura em Ciências Biológicas,09/09/2024,25/08/2025,Bolsista,2024.2
DSAU,Medicina,26/08/2024,25/08/2025,Bolsista,2024.2
DSAU,Farmácia,26/08/2024,25/08/2025,Bolsista,2024.2
DSAU,Odontologia,26/08/2024,10/08/2025,Bolsista,2024.2
DSAU,Medicina,26/08/2024,25/08/2025,Bolsista,2024.2
DSAU,Odontologia,26/08/2024,25/08/2025,Bolsista,2024.2
DSAU,Odontologia,26/08/2024,10/08/2025,Bolsista,2024.2
DSAU,Odontologia,26/08/2024,04/02/2025,Bolsista,2024.2
DSAU,Enfermagem,26/08/2024,25/08/2025,Bolsista,2024.2
DSAU,Farmácia,26/08/2024,25/08/2025,Bolsista,2024.2
DSAU,Odontologia,26/08/2024,25/08/2025,Bolsista,2024.2
DSAU,Enfermagem,26/08/2024,25/08/2025,Bolsista,2024.2
DSAU,Licenciatura em Educação Física,26/08/2024,25/08/2025,Bolsista,2024.2
DSAU,Medicina,26/08/2024,25/08/2025,Bolsista,2024.2
DSAU,Farmácia,26/08/2024,25/08/2025,Bolsista,2024.2
DSAU,Medicina,26/08/2024,25/08/2025,Bolsista,2024.2
DSAU,Medicina,26/08/2024,25/08/2025,Bolsista,2024.2
DSAU,Medicina,26/08/2024,25/08/2025,Bolsista,2024.2
DSAU,Medicina,26/08/2024,25/08/2025,Bolsista,2024.2
DSAU,Farmácia,02/09/2024,25/08/2025,Bolsista,2024.2
DSAU,Medicina,26/08/2024,05/05/2025,Bolsista,2024.2
DSAU,Odontologia,02/09/2024,25/08/2025,Bolsista,2024.2
DSAU,Medicina,26/08/2024,25/08/2025,Bolsista,2024.2
DSAU,Farmácia,26/08/2024,10/08/2025,Bolsista,2024.2
DSAU,Medicina,26/08/2024,25/08/2025,Bolsista,2024.2
DSAU,Enfermagem,26/08/2024,25/08/2025,Bolsista,2024.2
DSAU,Medicina,26/08/2024,25/08/2025,Bolsista,2024.2
DSAU,Farmácia,26/08/2024,25/08/2025,Bolsista,2024.2
DSAU,Medicina,26/08/2024,25/08/2025,Bolsista,2024.2
DSAU,Medicina,26/08/2024,25/08/2025,Bolsista,2024.2
DSAU,Medicina,12/09/2024,25/08/2025,Bolsista,2024.2
DSAU,Medicina,26/08/2024,25/08/2025,Bolsista,2024.2
DSAU,Farmácia,26/08/2024,25/08/2025,Bolsista,2024.2
DSAU,Medicina,02/09/2024,25/08/2025,Bolsista,2024.2
DSAU,Odontologia,02/12/2024,25/08/2025,Bolsista,2024.2
DSAU,Farmácia,12/02/2025,10/08/2025,Bolsista,2025.1
DSAU,Farmácia,24/03/2025,25/08/2025,Bolsista,2025.1
DSAU,Odontologia,01/04/2025,25/08/2025,Bolsista,2025.1
DSAU,Farmácia,09/09/2024,25/08/2025,Bolsista,2024.2
DEXA,Engenharia da Computação,26/08/2024,25/08/2025,Bolsista,2024.2
DEXA,Física,13/01/2025,25/08/2025,Bolsista,2025.1
DEXA,Engenharia Civil,26/08/2024,30/04/2025,Bolsista,2024.2
DEXA,Engenharia Civil,26/08/2024,25/08/2025,Bolsista,2024.2
DEXA,Engenharia de Alimentos,26/08/2024,25/08/2025,Bolsista,2024.2
DEXA,Bacharelado em Engenharia Civil,26/08/2024,25/08/2025,Bolsista,2024.2
DEXA,Farmácia,26/08/2024,25/08/2025,Bolsista,2024.2
DEXA,Licenciatura em Matemática,26/08/2024,18/08/2025,Bolsista,2024.2
DEXA,Agronomia,26/08/2024,25/08/2025,Bolsista,2024.2
DEXA,Bacharelado em Ciências Biológicas,26/08/2024,25/08/2025,Bolsista,2024.2
DEXA,Engenharia Civil,26/08/2024,25/08/2025,Bolsista,2024.2
DEXA,Licenciatura em Química,26/08/2024,25/08/2025,Bolsista,2024.2
DEXA,Engenharia de Computação,26/08/2024,25/08/2025,Bolsista,2024.2
DEXA,Engenharia de Computação,26/08/2024,25/08/2025,Bolsista,2024.2
DEXA,Farmácia,26/08/2024,25/08/2025,Bolsista,2024.2
DEXA,Licenciatura em Química,26/08/2024,25/08/2025,Bolsista,2024.2
DEXA,Licenciatura em Química,05/09/2024,25/08/2025,Bolsista,2024.2
DEXA,Licenciatura em Matemática,26/08/2024,25/08/2025,Bolsista,2024.2
DEXA,Licenciatura em Química,26/08/2024,25/08/2025,Bolsista,2024.2
DEXA,Farmácia,26/08/2024,25/08/2025,Bolsista,2024.2
DEXA,Licenciatura em Física,26/08/2024,25/08/2025,Bolsista,2024.2
DEXA,Licenciatura em Matemática,26/08/2024,25/08/2025,Bolsista,2024.2
DEXA,Engenharia Civil,26/08/2024,25/08/2025,Bolsista,2024.2
DEXA,Engenharia de Computação,26/08/2024,25/08/2025,Bolsista,2024.2
DEXA,Farmácia,26/08/2024,25/08/2025,Bolsista,2024.2
DEXA,Engenharia de Computação,26/08/2024,25/08/2025,Bolsista,2024.2
DTEC,Bacharelado em Engenharia Civil,26/08/2024,25/08/2025,Bolsista,2024.2
DTEC,Engenharia da computação,26/08/2024,25/08/2025,Bolsista,2024.2
DTEC,Engenharia de Alimentos,26/08/2024,25/08/2025,Bolsista,2024.2
DTEC,Engenharia da Computação,26/08/2024,25/08/2025,Bolsista,2024.2
DTEC,Engenharia de Alimentos,02/09/2024,25/08/2025,Bolsista,2024.2
DTEC,Engenharia de Computação,26/08/2024,25/08/2025,Bolsista,2024.2
DTEC,Engenharia de Alimentos,26/08/2024,25/08/2025,Bolsista,2024.2
DTEC,Engenharia Civil,26/08/2024,25/08/2025,Bolsista,2024.2
DTEC,Engenharia de Alimentos,26/08/2024,25/08/2025,Bolsista,2024.2
DTEC,Agronomia,26/08/2024,25/08/2025,Bolsista,2024.2
DTEC,Engenharia de Alimentos,26/08/2024,25/08/2025,Bolsista,2024.2
DTEC,Engenharia de Computação,26/08/2024,25/08/2025,Bolsista,2024.2
DTEC,Agronomia,12/02/25,25/08/2025,Bolsista,2025.1
DTEC,Engenharia de Alimentos,26/08/2024,25/08/2025,Bolsista,2024.2
DEDU,Pedagogia,26/08/2024,25/08/2025,Bolsista,2024.2
DEDU,Licenciatura em Ciências Biológicas,26/08/2024,25/08/2025,Bolsista,2024.2
DEDU,Lic. Ciências Biológicas,26/08/2024,25/08/2025,Bolsista,2024.2
DEDU,Licenciatura em Música,26/08/2024,15/08/2025,Bolsista,2024.2
DEDU,Licenciatura em Pedagogia,26/08/2024,25/08/2025,Bolsista,2024.2
DEDU,Letras Língua Portuguesa,26/08/2024,25/08/2025,Bolsista,2024.2
DEDU,Lic. em Educação Física,26/08/2024,10/08/2025,Bolsista,2024.2
DEDU,Licenciatura em História,02/09/2024,25/08/2025,Bolsista,2024.2
DEDU,Licenciatura em Geografia,26/08/2024,25/08/2025,Bolsista,2024.2
DEDU,Lic. em Educação Física,02/09/2024,25/08/2025,Bolsista,2024.2
DEDU,Lic. em Educação Física,02/09/2024,10/08/2025,Bolsista,2024.2
DEDU,Licenciatura em Pedagogia,02/09/2024,31/01/2025,Bolsista,2024.2
DLA,Engenharia Civil,26/08/2024,25/08/2025,Bolsista,2024.2
DLA,Licenciatura em Letras - Inglês,26/08/2024,25/08/2025,Bolsista,2024.2
DLA,Licenciatura em Matemática,26/08/2024,25/08/2025,Bolsista,2024.2
DLA,Licenciatura em Música,26/08/2024,25/08/2025,Bolsista,2024.2
DLA,Licenciatura em Letras: Português e Espanhol,26/08/2024,25/08/2025,Bolsista,2024.2
DLA,"Licenciatura em Letras – Língua Portuguesa
",26/08/2024,25/02/2025,Bolsista,2024.2
DLA,Bacharelado em Engenharia Civil,19/02/2025,25/08/2025,Bolsista,2025.1
DLA,Licenciatura em Ciências Biológicas,26/08/2024,25/08/2025,Bolsista,2024.2
DLA,Licenciatura em Matemática,25/02/2025,25/08/2025,Bolsista,2025.1
DCIS,Direito,26/08/2024,25/08/2025,Bolsista,2024.2
DCIS,Direito,26/08/2024,25/08/2025,Bolsista,2024.2
DCIS,Direito,26/08/2024,25/08/2025,Bolsista,2024.2
DCIS,Agronomia,02/09/2024,25/08/2025,Bolsista,2024.2
DCIS,Agronomia,26/08/2024,14/08/2025,Bolsista,2024.2
DCIS,Agronomia,07/04/2025,25/08/2025,Bolsista,2025.1
DCIS,Direito,26/08/2024,25/08/2025,Bolsista,2024.2
DFIS,Licenciatura em Física,26/08/2024,25/08/2025,Bolsista,2024.2
DFIS,Bacharelado em Física,26/08/2024,25/08/2025,Bolsista,2024.2
DCHF,Psicologia,26/08/2024,25/08/2025,Bolsista,2024.2
DCHF,Bacharelado em Filosofia,26/08/2024,25/08/2025,Bolsista,2024.2
DCHF,Licenciatura em Geografia,26/08/2024,25/08/2025,Bolsista,2024.2
DCHF,Licenciatura em História,26/08/2024,25/08/2025,Bolsista,2024.2
DCHF,Licenciatura e Bacharelado em Filosofia,26/08/2024,25/08/2025,Bolsista,2024.2
DCHF,Psicologia,26/08/2024,25/08/2025,Bolsista,2024.2
DCHF,Licenciatura em Geografia,26/08/2024,25/08/2025,Bolsista,2024.2
DCHF,Psicologia,26/08/2024,25/08/2025,Bolsista,2024.2
DCHF,Psicologia,26/08/2024,25/08/2025,Bolsista,2024.2
DCHF,Geografia,04/09/2024,25/08/2025,Bolsista,2024.2
DCHF,Educação Física,02/09/2024,30/07/2025,Bolsista,2024.2
DCHF,Licenciatura em Filosofia,24/03/2025,25/08/2025,Bolsista,2025.1
DCHF,Licenciatura em Geografia,02/09/2024,25/08/2025,Bolsista,2024.2
DCBIO,BACHARELADO EM CIÊNCIAS BIOLÓGICAS,17/04/2023,27/07/24,Bolsista,2023.1
DCBIO,BACHARELADO EM CIÊNCIAS BIOLÓGICAS,17/04/2023,27/07/24,Bolsista,2023.1
DCBIO,AGRONOMIA,17/04/2023,27/07/24,Bolsista,2023.1
DCBIO,AGRONOMIA,17/04/2023,27/07/24,Bolsista,2023.1
DCBIO,AGRONOMIA,17/04/2023,27/07/24,Bolsista,2023.1
DCBIO,AGRONOMIA,17/04/2023,27/07/24,Bolsista,2023.1
DCBIO,AGRONOMIA,17/04/2023,16/04/2024,Bolsista,2023.1
DCBIO,BACHARELADO EM CIÊNCIAS BIOLÓGICAS,17/04/2023,27/07/24,Bolsista,2023.1
DCBIO,ODONTOLOGIA,17/04/2023,31/08/23,Bolsista,2023.1
DCBIO,ODONTOLOGIA,17/04/2023,16/04/2024,Bolsista,2023.1
DCBIO,AGRONOMIA,17/04/2023,27/07/24,Bolsista,2023.1
DCBIO,AGRONOMIA,17/04/2023,27/07/24,Bolsista,2023.1
DCBIO,BACHARELADO EM CIÊNCIAS BIOLÓGICAS,17/04/2023,31/08/23,Bolsista,2023.1
DCBIO,MEDICINA,17/04/2023,27/07/24,Bolsista,2023.1
DCBIO,ODONTOLOGIA,17/04/2023,03/05/2024,Bolsista,2023.1
DCBIO,ENFERMAGEM,17/04/2023,27/07/24,Bolsista,2023.1
DCBIO,ODONTOLOGIA,17/04/2023,19/02/2024,Bolsista,2023.1
DCBIO,FARMÁCIA,17/04/2023,31/08/23,Bolsista,2023.1
DCBIO,FARMÁCIA,17/04/2023,27/07/24,Bolsista,2023.1
DCBIO,BACHARELADO EM CIÊNCIAS BIOLÓGICAS,17/04/2023,27/07/24,Bolsista,2023.1
DCBIO,LICENCIATURA EM CIÊNCIAS BIOLÓGICAS,17/04/2023,25/04/2024,Bolsista,2023.1
DCBIO,AGRONOMIA,17/04/2023,27/07/24,Bolsista,2023.1
DCBIO,AGRONOMIA,17/04/2023,27/07/24,Bolsista,2023.1
DCBIO,AGRONOMIA,17/04/2023,27/07/24,Bolsista,2023.1
DCBIO,ODONTOLOGIA,17/04/2023,31/08/23,Bolsista,2023.1
DCBIO,ODONTOLOGIA,17/04/2023,27/07/24,Bolsista,2023.1
DCBIO,FARMÁCIA,17/04/2023,27/07/24,Bolsista,2023.1
DCBIO,ODONTOLOGIA,17/04/2023,27/07/24,Bolsista,2023.1
DCBIO,LICENCIATURA EM CIÊNCIAS BIOLÓGICAS,17/04/2023,27/07/25,Bolsista,2023.1
DCBIO,BACHARELADO EM CIÊNCIAS BIOLÓGICAS,17/04/2023,27/07/24,Bolsista,2023.1
DCBIO,BACHARELADO EM CIÊNCIAS BIOLÓGICAS,17/04/2023,27/07/24,Bolsista,2023.1
DCBIO,FARMÁCIA,17/04/2023,04/12/2023,Bolsista,2023.1
DCBIO,LICENCIATURA EM CIÊNCIAS BIOLÓGICAS,17/04/2023,27/07/24,Bolsista,2023.1
DCBIO,AGRONOMIA,17/04/2023,27/07/24,Bolsista,2023.1
DCBIO,AGRONOMIA,17/04/2023,27/07/24,Bolsista,2023.1
DCBIO,ODONTOLOGIA,17/04/2023,27/07/24,Bolsista,2023.1
DCBIO,AGRONOMIA,17/04/2023,27/07/24,Bolsista,2023.1
DSAU,MEDICINA,17/04/2023,27/07/24,Bolsista,2023.1
DSAU,FARMÁCIA,17/04/2023,16/04/2024,Bolsista,2023.1
DSAU,MEDICINA,17/04/2023,27/07/24,Bolsista,2023.1
DSAU,ENFERMAGEM,17/04/2023,27/07/24,Bolsista,2023.1
DSAU,FARMÁCIA,17/04/2023,02/04/2024,Bolsista,2023.1
DSAU,MEDICINA,17/04/2023,27/07/24,Bolsista,2023.1
DSAU,MEDICINA,17/04/2023,27/07/24,Bolsista,2023.1
DSAU,MEDICINA,17/04/2023,27/07/24,Bolsista,2023.1
DSAU,ODONTOLOGIA,17/04/2023,27/07/24,Bolsista,2023.1
DSAU,ODONTOLOGIA,17/04/2023,27/07/24,Bolsista,2023.1
DSAU,FARMÁCIA,17/04/2023,27/07/24,Bolsista,2023.1
DSAU,FARMÁCIA,17/04/2023,02/04/2024,Bolsista,2023.1
DSAU,ODONTOLOGIA,17/04/2023,27/07/24,Bolsista,2023.1
DSAU,ODONTOLOGIA,17/04/2023,27/07/24,Bolsista,2023.1
DSAU,ODONTOLOGIA,17/04/2023,27/07/24,Bolsista,2023.1
DSAU,MEDICINA,17/04/2023,27/07/24,Bolsista,2023.1
DSAU,ODONTOLOGIA,17/04/2023,27/07/24,Bolsista,2023.1
DSAU,ODONTOLOGIA,17/04/2023,27/07/24,Bolsista,2023.1
DSAU,MEDICINA,17/04/2023,27/07/24,Bolsista,2023.1
DSAU,MEDICINA,17/04/2023,27/07/24,Bolsista,2023.1
DSAU,ODONTOLOGIA,17/04/2023,27/07/24,Bolsista,2023.1
DSAU,ODONTOLOGIA,17/04/2023,04/04/24,Bolsista,2023.1
DSAU,ODONTOLOGIA,17/04/2023,27/07/24,Bolsista,2023.1
DSAU,ODONTOLOGIA,17/04/2023,27/07/24,Bolsista,2023.1
DSAU,ODONTOLOGIA,17/04/2023,27/07/2024,Bolsista,2023.1
DSAU,ODONTOLOGIA,17/04/2023,27/07/2024,Bolsista,2023.1
DSAU,ODONTOLOGIA,17/04/2023,03/05/2024,Bolsista,2023.1
DEXA,FARMÁCIA,17/04/2023,27/07/2024,Bolsista,2023.1
DEXA,AGRONOMIA,17/04/2023,27/07/2024,Bolsista,2023.1
DEXA,ENGENHARIA DE COMPUTAÇÃO,17/04/2023,27/07/2024,Bolsista,2023.1
DEXA,AGRONOMIA,17/04/2023,27/07/2024,Bolsista,2023.1
DEXA,AGRONOMIA,17/04/2023,27/07/2024,Bolsista,2023.1
DEXA,LICENCIATURA EM MATEMÁTICA,17/04/2023,27/07/2024,Bolsista,2023.1
DEXA,LICENCIATURA EM MATEMÁTICA,17/04/2023,16/04/2024,Bolsista,2023.1
DEXA,LICENCIATURA EM MATEMÁTICA,17/04/2023,16/04/2024,Bolsista,2023.1
DEXA,ENGENHARIA CIVIL,17/04/2023,31/08/23,Bolsista,2023.1
DEXA,LICENCIATURA EM QUÍMICA,17/04/2023,27/07/24,Bolsista,2023.1
DEXA,LICENCIATURA EM QUÍMICA,17/04/2023,27/07/24,Bolsista,2023.1
DEXA,LICENCIATURA EM QUÍMICA,17/04/2023,27/07/24,Bolsista,2023.1
DEXA,FARMÁCIA,17/04/2023,27/07/24,Bolsista,2023.1
DEXA,ENGENHARIA DE COMPUTAÇÃO,17/04/2023,27/07/25,Bolsista,2023.1
DEXA,ENGENHARIA DE COMPUTAÇÃO,17/04/2023,27/07/25,Bolsista,2023.1
DEXA,ENGENHARIA DE COMPUTAÇÃO,17/04/2023,27/07/25,Bolsista,2023.1
DEXA,ENGENHARIA DE COMPUTAÇÃO,17/04/2023,27/07/25,Bolsista,2023.1
DEXA,LICENCIATURA EM FÍSICA,17/04/2023,27/07/2024,Bolsista,2023.1
DEXA,CIÊNCIAS ECONÔMICAS,17/04/2023,16/04/2024,Bolsista,2023.1
DEXA,FARMÁCIA,17/04/2023,27/07/2024,Bolsista,2023.1
DEXA,FARMÁCIA,17/04/2023,27/07/2024,Bolsista,2023.1
DEXA,LICENCIATURA EM MATEMÁTICA,17/04/2023,29/09/23,Bolsista,2023.1
DEXA,ENGENHARIA DE COMPUTAÇÃO,17/04/2023,31/01/2024,Bolsista,2023.1
DEXA,LICENCIATURA EM QUÍMICA,17/04/2023,27/07/2024,Bolsista,2023.1
DEXA,ENGENHARIA CIVIL,17/04/2023,27/07/2024,Bolsista,2023.1
DEXA,LICENCIATURA EM MATEMÁTICA,17/04/2023,09/04/2024,Bolsista,2023.1
DTEC,ENGENHARIA CIVIL,17/04/2023,27/07/24,Bolsista,2023.1
DTEC,ENGENHARIA DA COMPUTAÇÃO,17/04/2023,27/07/24,Bolsista,2023.1
DTEC,ENGENHARIA DA COMPUTAÇÃO,17/04/2023,27/07/24,Bolsista,2023.1
DTEC,ENGENHARIA DE ALIMENTOS,17/04/2023,27/07/24,Bolsista,2023.1
DTEC,ENGENHARIA DE ALIMENTOS,17/04/2023,27/07/24,Bolsista,2023.1
DTEC,ENGENHARIA DE ALIMENTOS,17/04/2023,27/07/24,Bolsista,2023.1
DTEC,ENGENHARIA CIVIL,17/04/2023,27/07/24,Bolsista,2023.1
DTEC,ENGENHARIA DE ALIMENTOS,17/04/2023,27/07/24,Bolsista,2023.1
DTEC,ENGENHARIA DE ALIMENTOS,17/04/2023,16/04/2024,Bolsista,2023.1
DTEC,ENGENHARIA DE ALIMENTOS,17/04/2023,27/07/24,Bolsista,2023.1
DTEC,ENGENHARIA DA COMPUTAÇÃO,17/04/2023,27/07/24,Bolsista,2023.1
DTEC,ENGENHARIA DE ALIMENTOS,17/04/2023,27/07/24,Bolsista,2023.1
DEDU,LICENCIATURA EM PEDAGOGIA,17/04/2023,27/07/24,Bolsista,2023.1
DEDU,EDUCAÇÃO FÍSICA,17/04/2023,16/04/2024,Bolsista,2023.1
DEDU,LICENCIATURA EM HISTÓRIA,17/04/2023,16/04/2024,Bolsista,2023.1
DEDU,LICENCIATURA EM CIÊNCIAS BIOLÓGICAS,17/04/2023,27/07/24,Bolsista,2023.1
DEDU,LICENCIATURA EM EDUCAÇÃO FÍSICA,17/04/2023,24/11/2023,Bolsista,2023.1
DLA,LICENCIATURA EM MÚSICA,17/04/2023,31/07/2023,Bolsista,2023.1
DLA,LICENCIATURA EM CIÊNCIAS BIOLÓGICAS,17/04/2023,27/07/24,Bolsista,2023.1
DLA,ENGENHARIA CIVIL,17/04/2023,27/07/24,Bolsista,2023.1
DLA,LICENCIATURA EM MÚSICA,17/04/2023,11/04/2024,Bolsista,2023.1
DLA,LICENCIATURA EM MATEMÁTICA,17/04/2023,17/06/2024,Bolsista,2023.1
DLA,LICENCIATURA EM LETRAS-LÍNGUA PORTUGUESA,17/04/2023,27/07/24,Bolsista,2023.1
DLA,AGRONOMIA,17/04/2023,27/07/24,Bolsista,2023.1
DLA,LETRAS: PORTUGUÊS E FRANCÊS,17/04/2023,01/07/2023,Bolsista,2023.1
DLA,LICENCIATURA EM MÚSICA,17/04/2023,27/07/24,Bolsista,2023.1
DLA,LICENCIATURA EM LETRAS-LÍNGUA PORTUGUESA,17/04/2023,27/07/2024,Bolsista,2023.1
DLA,LICENCIATURA EM MÚSICA,17/04/2023,16/04/2024,Bolsista,2023.1
DCIS,CIÊNCIAS ECONÔMICAS,17/04/2023,27/07/2024,Bolsista,2023.1
DCIS,DIREITO,17/04/2023,01/02/2024,Bolsista,2023.1
DCIS,AGRONOMIA,17/04/2023,02/04/2024,Bolsista,2023.1
DCIS,AGRONOMIA,17/04/2023,27/07/2024,Bolsista,2023.1
DCIS,AGRONOMIA,17/04/2023,27/07/2024,Bolsista,2023.1
DCIS,AGRONOMIA,17/04/2023,27/07/2024,Bolsista,2023.1
DCIS,DIREITO,17/04/2023,19/03/2024,Bolsista,2023.1
DCIS,DIREITO,17/04/2023,27/07/2024,Bolsista,2023.1
DCIS,DIREITO,17/04/2023,27/07/2024,Bolsista,2023.1
DCIS,DIREITO,17/04/2023,27/07/2024,Bolsista,2023.1
DFIS,ENGENHARIA CIVIL,17/04/2023,27/07/2024,Bolsista,2023.1
DFIS,ENGENHARIA DE ALIMENTOS,17/04/2023,01/02/2024,Bolsista,2023.1
DFIS,LICENCIATURA EM FÍSICA,17/04/2023,02/04/2024,Bolsista,2023.1
DCHF,LICENCIATURA EM HISTÓRIA,17/04/2023,27/07/2024,Bolsista,2023.1
DCHF,PSICOLOGIA,17/04/2023,16/04/2024,Bolsista,2023.1
DCHF,PSICOLOGIA,17/04/2023,27/07/2024,Bolsista,2023.1
DCHF,PSICOLOGIA,17/04/2023,27/07/2024,Bolsista,2023.1
DCHF,BACHARELADO EM FILOSOFIA,17/04/2023,16/04/2024,Bolsista,2023.1
DCHF,BACHARELADO EM GEOGRAFIA,17/04/2023,27/07/2024,Bolsista,2023.1
DCHF,PSICOLOGIA,17/04/2023,27/07/24,Bolsista,2023.1
DCHF,PSICOLOGIA,17/04/2023,27/07/24,Bolsista,2023.1
DCHF,PSICOLOGIA,17/04/2023,27/07/24,Bolsista,2023.1
DCHF,LICENCIATURA EM FILOSOFIA,17/04/2023,27/07/24,Bolsista,2023.1
DCHF,BACHARELADO EM GEOGRAFIA,17/04/2023,31/05/2023,Bolsista,2023.1
DCHF,PSICOLOGIA,17/04/2023,29/02/2024,Bolsista,2023.1
DCHF,GEOGRAFIA,17/04/2023,31/01/2024,Bolsista,2023.1
DCHF,PSICOLOGIA,17/04/2023,27/06/2023,Bolsista,2023.1
DCBIO,ODONTOLOGIA,01/10/2021,30/09/2022,Bolsista,2021.2
DCBIO,ENFERMAGEM,01/10/2021,15/12/2022,Bolsista,2021.2
DCBIO,AGRONOMIA,01/10/2021,15/12/2022,Bolsista,2021.2
DCBIO,AGRONOMIA,01/10/2021,15/12/2022,Bolsista,2021.2
DCBIO,LICENCIATURA EM CIÊNCIAS BIOLÓGICAS,01/10/2021,15/12/2022,Bolsista,2021.2
DCBIO,LICENCIATURA EM CIÊNCIAS BIOLÓGICAS,01/10/2021,31/07/2022,Bolsista,2021.2
DCBIO,LICENCIATURA EM CIÊNCIAS BIOLÓGICAS,01/10/2021,15/12/2022,Bolsista,2021.2
DCBIO,AGRONOMIA,01/10/2021,31/08/2022,Bolsista,2021.2
DCBIO,AGRONOMIA,01/10/2021,15/12/2022,Bolsista,2021.2
DCBIO,BACHARELADO EM CIÊNCIAS BIOLÓGICAS,01/10/2021,30/06/2022,Bolsista,2021.2
DCBIO,ENFERMAGEM,01/10/2021,15/12/2022,Bolsista,2021.2
DCBIO,LICENCIATURA EM EDUCAÇÃO FÍSICA,01/10/2021,31/03/2022,Bolsista,2021.2
DCBIO,LICENCIATURA EM EDUCAÇÃO FÍSICA,01/10/2021,30/09/2022,Bolsista,2021.2
DCBIO,AGRONOMIA,01/10/2021,15/12/2022,Bolsista,2021.2
DCBIO,FARMÁCIA,01/10/2021,31/08/2022,Bolsista,2021.2
DCBIO,ODONTOLOGIA,01/10/2021,15/12/2022,Bolsista,2021.2
DCBIO,FARMÁCIA,01/10/2021,22/11/2022,Bolsista,2021.2
DCBIO,BACHARELADO EM CIÊNCIAS BIOLÓGICAS,01/10/2021,15/12/2022,Bolsista,2021.2
DCBIO,ODONTOLOGIA,01/10/2021,15/12/2022,Bolsista,2021.2
DCBIO,BACHARELADO EM CIÊNCIAS BIOLÓGICAS,01/10/2021,15/12/2022,Bolsista,2021.2
DCBIO,AGRONOMIA,01/10/2021,15/12/2022,Bolsista,2021.2
DCBIO,BACHARELADO EM CIÊNCIAS BIOLÓGICAS,01/10/2021,15/12/2022,Bolsista,2021.2
DCBIO,BACHARELADO EM CIÊNCIAS BIOLÓGICAS,01/10/2021,15/12/2022,Bolsista,2021.2
DCBIO,AGRONOMIA,01/10/2021,15/12/2022,Bolsista,2021.2
DCBIO,LICENCIATURA EM CIÊNCIAS BIOLÓGICAS,01/10/2021,30/09/2022,Bolsista,2021.2
DCBIO,LICENCIATURA EM CIÊNCIAS BIOLÓGICAS,01/10/2021,15/12/2022,Bolsista,2021.2
DCBIO,AGRONOMIA,01/10/2021,15/12/2022,Bolsista,2021.2
DCBIO,LICENCIATURA EM CIÊNCIAS BIOLÓGICAS,01/10/2021,31/08/2022,Bolsista,2021.2
DCBIO,BACHARELADO EM CIÊNCIAS BIOLÓGICAS,01/10/2021,15/12/2022,Bolsista,2021.2
DCBIO,ODONTOLOGIA,01/10/2021,31/08/2022,Bolsista,2021.2
DCBIO,LICENCIATURA EM EDUCAÇÃO FÍSICA,01/10/2021,15/12/2022,Bolsista,2021.2
DCBIO,LICENCIATURA EM EDUCAÇÃO FÍSICA,01/10/2021,30/11/2022,Bolsista,2021.2
DCHF,GEOGRAFIA,01/10/2021,31/05/2022,Bolsista,2021.2
DCHF,GEOGRAFIA,01/10/2021,30/09/2022,Bolsista,2021.2
DCHF,BACHARELADO EM PSICOLOGIA,01/10/2021,31/03/2022,Bolsista,2021.2
DCHF,LICENCIATURA EM HISTÓRIA,01/10/2021,15/12/2022,Bolsista,2021.2
DCHF,LICENCIATURA EM HISTÓRIA,01/10/2021,15/08/2022,Bolsista,2021.2
DCHF,BACHARELADO EM PSICOLOGIA,01/10/2021,15/12/2022,Bolsista,2021.2
DCHF,BACHARELADO EM PSICOLOGIA,01/10/2021,15/12/2022,Bolsista,2021.2
DCHF,BACHARELADO EM PSICOLOGIA,01/10/2021,30/09/2022,Bolsista,2021.2
DCHF,BACHARELADO EM PSICOLOGIA,01/10/2021,15/12/2022,Bolsista,2021.2
DCHF,FILOSOFIA,01/10/2021,30/09/2022,Bolsista,2021.2
DCHF,BACHARELADO EM PSICOLOGIA,01/10/2021,31/08/2022,Bolsista,2021.2
DCHF,BACHARELADO EM PSICOLOGIA,01/10/2021,15/12/2022,Bolsista,2021.2
DCHF,FILOSOFIA,01/10/2021,01/05/2022,Bolsista,2021.2
DCHF,BACHARELADO EM PSICOLOGIA,01/10/2021,15/12/2022,Bolsista,2021.2
DCIS,AGRONOMIA,01/10/2021,15/12/2022,Bolsista,2021.2
DCIS,DIREITO,01/10/2021,15/12/2022,Bolsista,2021.2
DCIS,AGRONOMIA,01/10/2021,15/12/2022,Bolsista,2021.2
DCIS,DIREITO,01/10/2021,15/12/2022,Bolsista,2021.2
DCIS,DIREITO,01/10/2021,15/12/2022,Bolsista,2021.2
DCIS,DIREITO,01/10/2021,15/12/2022,Bolsista,2021.2
DCIS,DIREITO,01/10/2021,15/12/2022,Bolsista,2021.2
DCIS,DIREITO,01/10/2021,15/12/2022,Bolsista,2021.2
DCIS,DIREITO,01/10/2021,15/12/2022,Bolsista,2021.2
DCIS,AGRONOMIA,01/10/2021,15/12/2022,Bolsista,2021.2
DCIS,AGRONOMIA,01/10/2021,31/08/2022,Bolsista,2021.2
DCIS,DIREITO,01/10/2021,15/12/2022,Bolsista,2021.2
DCIS,DIREITO,01/10/2021,30/09/2022,Bolsista,2021.2
DEDU,LICENCIATURA EM MATEMÁTICA,01/10/2021,02/05/2022,Bolsista,2021.2
DEDU,LICENCIATURA EM PEDAGOGIA,01/10/2021,15/12/2022,Bolsista,2021.2
DEDU,LICENCIATURA EM EDUCAÇÃO FÍSICA,01/10/2021,15/12/2022,Bolsista,2021.2
DEDU,LICENCIATURA EM EDUCAÇÃO FÍSICA,01/10/2021,15/12/2022,Bolsista,2021.2
DEDU,LICENCIATURA EM CIÊNCIAS BIOLÓGICAS,01/10/2021,01/08/2022,Bolsista,2021.2
DEDU,LICENCIATURA EM HISTÓRIA,01/10/2021,15/12/2022,Bolsista,2021.2
DEDU,LICENCIATURA EM HISTÓRIA,01/10/2021,15/12/2022,Bolsista,2021.2
DEDU,LICENCIATURA EM CIÊNCIAS BIOLÓGICAS,01/10/2021,01/02/2022,Bolsista,2021.2
DEXA,ENGENHARIA DE COMPUTAÇÃO,01/10/2021,15/12/2022,Bolsista,2021.2
DEXA,ENGENHARIA DE COMPUTAÇÃO,01/10/2021,15/12/2022,Bolsista,2021.2
DEXA,BACHARELADO EM CIÊNCIAS BIOLÓGICAS,01/10/2021,30/09/2022,Bolsista,2021.2
DEXA,ENGENHARIA DE ALIMENTOS,01/10/2021,31/08/2022,Bolsista,2021.2
DEXA,LICENCIATURA EM MATEMÁTICA,01/10/2021,31/08/2022,Bolsista,2021.2
DEXA,LICENCIATURA EM MATEMÁTICA,01/10/2021,15/12/2022,Bolsista,2021.2
DEXA,LICENCIATURA EM QUÍMICA,01/10/2021,15/12/2022,Bolsista,2021.2
DEXA,BACHARELADO EM FÍSICA,01/10/2021,30/09/2022,Bolsista,2021.2
DEXA,LICENCIATURA EM QUÍMICA,01/10/2021,30/09/2022,Bolsista,2021.2
DEXA,LICENCIATURA EM MATEMÁTICA,01/10/2021,31/08/2022,Bolsista,2021.2
DEXA,CIÊNCIAS ECONÔMICAS,01/10/2021,15/12/2022,Bolsista,2021.2
DEXA,LICENCIATURA EM QUÍMICA,01/10/2021,15/12/2022,Bolsista,2021.2
DFIS,LICENCIATURA EM FÍSICA,01/10/2021,30/09/2022,Bolsista,2021.2
DFIS,BACHARELADO EM FÍSICA,01/10/2021,30/09/2022,Bolsista,2021.2
DFIS,BACHARELADO EM FÍSICA,01/10/2021,15/12/2022,Bolsista,2021.2
DFIS,BACHARELADO EM FÍSICA,01/10/2021,31/12/2021,Bolsista,2021.2
DFIS,BACHARELADO EM FÍSICA,01/10/2021,30/09/2022,Bolsista,2021.2
DLA,LICENCIATURA EM MÚSICA,01/10/2021,30/09/2022,Bolsista,2021.2
DLA,LICENCIATURA EM MÚSICA,01/10/2021,15/12/2022,Bolsista,2021.2
DLA,ENGENHARIA CIVIL,01/10/2021,31/07/2022,Bolsista,2021.2
DLA,LICENCIATURA EM LETRAS COM LÍNGUA ESPANHOLA,01/10/2021,15/12/2022,Bolsista,2021.2
DLA,LICENCIATURA EM MATEMÁTICA,01/10/2021,15/12/2022,Bolsista,2021.2
DLA,LICENCIATURA EM MATEMÁTICA,01/10/2021,15/12/2022,Bolsista,2021.2
DLA,AGRONOMIA,01/10/2021,15/12/2022,Bolsista,2021.2
DLA,AGRONOMIA,01/10/2021,15/12/2022,Bolsista,2021.2
DLA,ENGENHARIA CIVIL,01/10/2021,15/12/2022,Bolsista,2021.2
DLA,ENGENHARIA CIVIL,01/10/2021,15/12/2022,Bolsista,2021.2
DLA,BACHARELADO EM CIÊNCIAS BIOLÓGICAS,01/10/2021,15/12/2022,Bolsista,2021.2
DSAU,ODONTOLOGIA,01/10/2021,31/08/2022,Bolsista,2021.2
DSAU,ODONTOLOGIA,01/10/2021,15/12/2022,Bolsista,2021.2
DSAU,MEDICINA,01/10/2021,15/12/2022,Bolsista,2021.2
DSAU,MEDICINA,01/10/2021,15/12/2022,Bolsista,2021.2
DSAU,MEDICINA,01/10/2021,30/09/2022,Bolsista,2021.2
DSAU,MEDICINA,01/10/2021,31/08/2022,Bolsista,2021.2
DSAU,ODONTOLOGIA,01/10/2021,15/12/2022,Bolsista,2021.2
DSAU,MEDICINA,01/10/2021,15/12/2022,Bolsista,2021.2
DSAU,MEDICINA,01/10/2021,15/12/2022,Bolsista,2021.2
DSAU,ODONTOLOGIA,01/10/2021,07/08/2022,Bolsista,2021.2
DSAU,FARMÁCIA,01/10/2021,15/12/2022,Bolsista,2021.2
DSAU,ODONTOLOGIA,01/10/2021,30/09/2022,Bolsista,2021.2
DSAU,FARMÁCIA,01/10/2021,15/12/2022,Bolsista,2021.2
DSAU,MEDICINA,01/10/2021,15/12/2022,Bolsista,2021.2
DSAU,FARMÁCIA,01/10/2021,30/09/2022,Bolsista,2021.2
DSAU,ODONTOLOGIA,01/10/2021,31/12/2021,Bolsista,2021.2
DSAU,ODONTOLOGIA,01/01/2022,30/09/2022,Bolsista,2022.1
DSAU,FARMÁCIA,01/10/2021,15/12/2022,Bolsista,2021.2
DSAU,ODONTOLOGIA,01/10/2021,31/08/2022,Bolsista,2021.2
DSAU,ODONTOLOGIA,01/10/2021,15/12/2022,Bolsista,2021.2
DSAU,ODONTOLOGIA,01/10/2021,30/09/2022,Bolsista,2021.2
DSAU,FARMÁCIA,01/10/2021,15/12/2022,Bolsista,2021.2
DSAU,FARMÁCIA,01/10/2021,15/12/2022,Bolsista,2021.2
DSAU,FARMÁCIA,01/10/2021,15/12/2022,Bolsista,2021.2
DSAU,MEDICINA,01/10/2021,15/12/2022,Bolsista,2021.2
DSAU,MEDICINA,01/10/2021,15/12/2022,Bolsista,2021.2
DSAU,ODONTOLOGIA,01/10/2021,30/09/2022,Bolsista,2021.2
DSAU,ODONTOLOGIA,01/10/2021,15/12/2022,Bolsista,2021.2
DSAU,ODONTOLOGIA,01/10/2021,15/12/2022,Bolsista,2021.2
DTEC,ENGENHARIA CIVIL,01/10/2021,30/09/2022,Bolsista,2021.2
DTEC,ENGENHARIA CIVIL,01/10/2021,31/08/2022,Bolsista,2021.2
DTEC,ENGENHARIA DE COMPUTAÇÃO,01/10/2021,15/12/2022,Bolsista,2021.2
DTEC,ENGENHARIA DE COMPUTAÇÃO,01/10/2021,31/07/2022,Bolsista,2021.2
DTEC,ENGENHARIA DE ALIMENTOS,01/10/2021,15/12/2022,Bolsista,2021.2
DTEC,ENGENHARIA DE ALIMENTOS,01/10/2021,,Bolsista,2021.2
DTEC,ENGENHARIA DE ALIMENTOS,01/10/2021,31/07/2022,Bolsista,2021.2
DTEC,AGRONOMIA,01/10/2021,31/08/2022,Bolsista,2021.2
DTEC,ENGENHARIA DE COMPUTAÇÃO,01/10/2021,15/12/2022,Bolsista,2021.2
DTEC,ENGENHARIA DE ALIMENTOS,01/10/2021,31/08/2022,Bolsista,2021.2
DTEC,ENGENHARIA DE ALIMENTOS,01/10/2021,31/08/2022,Bolsista,2021.2
DTEC,ENGENHARIA DE ALIMENTOS,01/10/2021,31/08/2022,Bolsista,2021.2
DTEC,ENGENHARIA DE ALIMENTOS,01/10/2021,15/12/2022,Bolsista,2021.2
DTEC,ENGENHARIA CIVIL,01/10/2021,31/08/2022,Bolsista,2021.2
EDUCAÇÃO,LICENCIATURA EM EDUCAÇÃO FÍSICA,11/11/2019,10/11/2020,Bolsista,2019.2
CIÊNCIAS HUMANAS E FILOSOFIA,GEOGRAFIA,11/11/2019,10/11/2020,Bolsista,2019.2
LETRAS E ARTES,ENGENHARIA CIVIL,11/11/2019,10/11/2020,Bolsista,2019.2
CIÊNCIAS HUMANAS E FILOSOFIA,DIREITO,11/11/2019,10/11/2020,Bolsista,2019.2
SAÚDE,MEDICINA,11/11/2019,10/11/2020,Bolsista,2019.2
LETRAS E ARTES,LICENCIATURA EM LETRAS VERNÁCULAS,11/11/2019,10/11/2020,Bolsista,2019.2
CIÊNCIAS BIOLÓGICAS,ODONTOLOGIA,11/11/2019,10/11/2020,Bolsista,2019.2
CIÊNCIAS BIOLÓGICAS,AGRONOMIA,11/11/2019,10/11/2020,Bolsista,2019.2
EDUCAÇÃO,LICENCIATURA EM LETRAS VERNÁCULAS,11/11/2019,10/11/2020,Bolsista,2019.2
CIÊNCIAS SOCIAIS APLICADAS,CIÊNCIAS CONTÁBEIS,11/11/2019,10/11/2020,Bolsista,2019.2
CIÊNCIAS BIOLÓGICAS,AGRONOMIA,11/11/2019,10/11/2020,Bolsista,2019.2
EDUCAÇÃO,LICENCIATURA EM MATEMÁTICA,11/11/2019,10/11/2020,Bolsista,2019.2
FÍSICA,BACHARELADO EM FÍSICA,11/11/2019,10/11/2020,Bolsista,2019.2
CIÊNCIAS BIOLÓGICAS,BACHARELADO EM CIÊNCIAS BIOLÓGICAS,11/11/2019,10/11/2020,Bolsista,2019.2
FÍSICA,BACHARELADO EM FÍSICA,11/11/2019,10/11/2020,Bolsista,2019.2
TECNOLOGIA,ENGENHARIA DE ALIMENTOS,11/11/2019,10/11/2020,Bolsista,2019.2
FÍSICA,BACHARELADO EM FÍSICA,11/11/2019,10/11/2020,Bolsista,2019.2
LETRAS E ARTES,ENGENHARIA CIVIL,11/11/2019,10/11/2020,Bolsista,2019.2
CIÊNCIAS BIOLÓGICAS,BACHARELADO EM CIÊNCIAS BIOLÓGICAS,11/11/2019,10/11/2020,Bolsista,2019.2
TECNOLOGIA,ENGENHARIA DE COMPUTAÇÃO,11/11/2019,10/11/2020,Bolsista,2019.2
FÍSICA,ENGENHARIA CIVIL,11/11/2019,10/11/2020,Bolsista,2019.2
TECNOLOGIA,ENGENHARIA DE ALIMENTOS,11/11/2019,10/11/2020,Bolsista,2019.2
FÍSICA,BACHARELADO EM FÍSICA,11/11/2019,10/11/2020,Bolsista,2019.2
CIÊNCIAS BIOLÓGICAS,LICENCIATURA EM CIÊNCIAS BIOLÓGICAS,11/11/2019,10/11/2020,Bolsista,2019.2
CIÊNCIAS SOCIAIS APLICADAS,DIREITO,11/11/2019,10/11/2020,Bolsista,2019.2
CIÊNCIAS BIOLÓGICAS,LICENCIATURA EM CIÊNCIAS BIOLÓGICAS,11/11/2019,10/11/2020,Bolsista,2019.2
CIÊNCIAS BIOLÓGICAS,ODONTOLOGIA,11/11/2019,10/11/2020,Bolsista,2019.2
CIÊNCIAS BIOLÓGICAS,LICENCIATURA EM CIÊNCIAS BIOLÓGICAS,11/11/2019,10/11/2020,Bolsista,2019.2
CIÊNCIAS EXATAS,LICENCIATURA EM QUÍMICA,11/11/2019,10/11/2020,Bolsista,2019.2
CIÊNCIAS BIOLÓGICAS,AGRONOMIA,11/11/2019,10/11/2020,Bolsista,2019.2
CIÊNCIAS SOCIAIS APLICADAS,CIÊNCIAS ECONÔMICAS,11/11/2019,10/11/2020,Bolsista,2019.2
CIÊNCIAS BIOLÓGICAS,MEDICINA,11/11/2019,10/11/2020,Bolsista,2019.2
TECNOLOGIA,ENGENHARIA DE ALIMENTOS,11/11/2019,10/11/2020,Bolsista,2019.2
SAÚDE,MEDICINA,11/11/2019,10/11/2020,Bolsista,2019.2
TECNOLOGIA,ENGENHARIA DA COMPUTAÇÃO,11/11/2019,10/11/2020,Bolsista,2019.2
TECNOLOGIA,ENGENHARIA DE COMPUTAÇÃO,11/11/2019,10/11/2020,Bolsista,2019.2
CIÊNCIAS SOCIAIS APLICADAS,AGRONOMIA,11/11/2019,10/11/2020,Bolsista,2019.2
CIÊNCIAS EXATAS,LICENCIATURA EM MATEMÁTICA,11/11/2019,10/11/2020,Bolsista,2019.2
SAÚDE,MEDICINA,11/11/2019,10/11/2020,Bolsista,2019.2
SAÚDE,ODONTOLOGIA,11/11/2019,10/11/2020,Bolsista,2019.2
SAÚDE,ODONTOLOGIA,11/11/2019,10/11/2020,Bolsista,2019.2
CIÊNCIAS BIOLÓGICAS,MEDICINA,11/11/2019,10/11/2020,Bolsista,2019.2
CIÊNCIAS BIOLÓGICAS,LICENCIATURA EM EDUCAÇÃO FÍSICA,11/11/2019,10/11/2020,Bolsista,2019.2
CIÊNCIAS EXATAS,GEOGRAFIA,11/11/2019,10/11/2020,Bolsista,2019.2
TECNOLOGIA,AGRONOMIA,11/11/2019,10/11/2020,Bolsista,2019.2
SAÚDE,FARMÁCIA,11/11/2019,10/11/2020,Bolsista,2019.2
SAÚDE,MEDICINA,11/11/2019,10/11/2020,Bolsista,2019.2
CIÊNCIAS EXATAS,LICENCIATURA EM QUÍMICA,11/11/2019,10/11/2020,Bolsista,2019.2
EDUCAÇÃO,LICENCIATUA EM CIÊNCIAS BIOLÓGICAS,11/11/2019,10/11/2020,Bolsista,2019.2
SAÚDE,MEDICINA,11/11/2019,10/11/2020,Bolsista,2019.2
CIÊNCIAS BIOLÓGICAS,LICENCIATURA EM EDUCAÇÃO FÍSICA,11/11/2019,10/11/2020,Bolsista,2019.2
CIÊNCIAS BIOLÓGICAS,AGRONOMIA,11/11/2019,10/11/2020,Bolsista,2019.2
CIÊNCIAS BIOLÓGICAS,AGRONOMIA,11/11/2019,10/11/2020,Bolsista,2019.2
FÍSICA,ENGENHARIA CIVIL,11/11/2019,10/11/2020,Bolsista,2019.2
CIÊNCIAS HUMANAS E FILOSOFIA,GEOGRAFIA,11/11/2019,10/11/2020,Bolsista,2019.2
TECNOLOGIA,ENGENHARIA CIVIL,11/11/2019,10/11/2020,Bolsista,2019.2
CIÊNCIAS BIOLÓGICAS,BACHARELADO EM CIÊNCIAS BIOLÓGICAS,11/11/2019,10/11/2020,Bolsista,2019.2
LETRAS E ARTES,LICENCIATURA EM MÚSICA,11/11/2019,10/11/2020,Bolsista,2019.2
EDUCAÇÃO,LICENCIATURA EM CIÊNCIAS BIOLÓGICAS,11/11/2019,10/11/2020,Bolsista,2019.2
CIÊNCIAS EXATAS,ENGENHARIA DA COMPUTAÇÃO,11/11/2019,10/11/2020,Bolsista,2019.2
SAÚDE,MEDICINA,11/11/2019,10/11/2020,Bolsista,2019.2
SAÚDE,LICENCIATURA EM EDUCAÇÃO FÍSICA,11/11/2019,10/11/2020,Bolsista,2019.2
LETRAS E ARTES,LICENCIATURA EM MATEMÁTICA,11/11/2019,10/11/2020,Bolsista,2019.2
SAÚDE,ODONTOLOGIA,11/11/2019,10/11/2020,Bolsista,2019.2
CIÊNCIAS HUMANAS E FILOSOFIA,FILOSOFIA,11/11/2019,10/11/2020,Bolsista,2019.2
TECNOLOGIA,ENGENHARIA DE ALIMENTOS,11/11/2019,10/11/2020,Bolsista,2019.2
CIÊNCIAS EXATAS,BACHARELADO EM PSICOLOGIA,11/11/2019,10/11/2020,Bolsista,2019.2
TECNOLOGIA,ENGENHARIA DA COMPUTAÇÃO,11/11/2019,10/11/2020,Bolsista,2019.2
SAÚDE,ODONTOLOGIA,11/11/2019,10/11/2020,Bolsista,2019.2
SAÚDE,FARMÁCIA,11/11/2019,10/11/2020,Bolsista,2019.2
LETRAS E ARTES,BACHARELADO EM CIÊNCIAS BIOLÓGICAS,11/11/2019,10/11/2020,Bolsista,2019.2
CIÊNCIAS BIOLÓGICAS,AGRONOMIA,11/11/2019,10/11/2020,Bolsista,2019.2
FÍSICA,LICENCIATURA EM FÍSICA,11/11/2019,10/11/2020,Bolsista,2019.2
CIÊNCIAS BIOLÓGICAS,AGRONOMIA,11/11/2019,10/11/2020,Bolsista,2019.2
TECNOLOGIA,ENGENHARIA DE ALIMENTOS,11/11/2019,10/11/2020,Bolsista,2019.2
CIÊNCIAS BIOLÓGICAS,ENGENHARIA DE ALIMENTOS,11/11/2019,10/11/2020,Bolsista,2019.2
CIÊNCIAS BIOLÓGICAS,BACHARELADO EM CIÊNCIAS BIOLÓGICAS,11/11/2019,10/11/2020,Bolsista,2019.2
CIÊNCIAS BIOLÓGICAS,BACHARELADO EM CIÊNCIAS BIOLÓGICAS,11/11/2019,10/11/2020,Bolsista,2019.2
CIÊNCIAS BIOLÓGICAS,ODONTOLOGIA,11/11/2019,10/11/2020,Bolsista,2019.2
CIÊNCIAS SOCIAIS APLICADAS,ADMINISTRAÇÃO,11/11/2019,10/11/2020,Bolsista,2019.2
FÍSICA,ENGENHARIA CIVIL,11/11/2019,10/11/2020,Bolsista,2019.2
LETRAS E ARTES,ENGENHARIA CIVIL,11/11/2019,10/11/2020,Bolsista,2019.2
CIÊNCIAS BIOLÓGICAS,ODONTOLOGIA,11/11/2019,10/11/2020,Bolsista,2019.2
SAÚDE,MEDICINA,11/11/2019,10/11/2020,Bolsista,2019.2
SAÚDE,MEDICINA,11/11/2019,10/11/2020,Bolsista,2019.2
TECNOLOGIA,ENGENHARIA CIVIL,11/11/2019,10/11/2020,Bolsista,2019.2
CIÊNCIAS BIOLÓGICAS,ODONTOLOGIA,11/11/2019,10/11/2020,Bolsista,2019.2
CIÊNCIAS EXATAS,LICENCIATURA EM QUÍMICA,11/11/2019,10/11/2020,Bolsista,2019.2
CIÊNCIAS BIOLÓGICAS,BACHARELADO EM CIÊNCIAS BIOLÓGICAS,11/11/2019,10/11/2020,Bolsista,2019.2
CIÊNCIAS BIOLÓGICAS,LICENCIATURA EM CIÊNCIAS BIOLÓGICAS,11/11/2019,10/11/2020,Bolsista,2019.2
EDUCAÇÃO,LICENCIATURA EM MATEMÁTICA,11/11/2019,10/11/2020,Bolsista,2019.2
FÍSICA,ENGENHARIA CIVIL,11/11/2019,10/11/2020,Bolsista,2019.2
CIÊNCIAS EXATAS,LICENCIATURA EM QUÍMICA,11/11/2019,10/11/2020,Bolsista,2019.2
SAÚDE,FARMÁCIA,11/11/2019,10/11/2020,Bolsista,2019.2
TECNOLOGIA,ENGENHARIA CIVIL,11/11/2019,10/11/2020,Bolsista,2019.2
CIÊNCIAS EXATAS,LICENCIATURA EM QUÍMICA,11/11/2019,10/11/2020,Bolsista,2019.2
LETRAS E ARTES,LICENCIATURA EM MÚSICA,11/11/2019,10/11/2020,Bolsista,2019.2
CIÊNCIAS BIOLÓGICAS,BACHARELADO EM CIÊNCIAS BIOLÓGICAS,11/11/2019,10/11/2020,Bolsista,2019.2
SAÚDE,ENFERMAGEM,11/11/2019,10/11/2020,Bolsista,2019.2
TECNOLOGIA,ENGENHARIA CIVIL,11/11/2019,10/11/2020,Bolsista,2019.2
DCIS,Direito,,,Voluntario,2019.1
DEXA,Matemática,,,Voluntario,2019.1
DCIS,Economia,,,Voluntario,2019.1
DCIS,Economia,,,Voluntario,2019.1
DCIS,Direito,,,Voluntario,2019.1
DSAU,Medicina,,,Voluntario,2019.1
DEXA,Química,,,Voluntario,2019.1
DEXA,Química,,,Voluntario,2019.1
DSAU,Medicina,,,Voluntario,2019.1
DCIS,Economia,,,Voluntario,2019.1
DEXA,Engenharia de Alimentos,,,Voluntario,2019.1
DSAU,Enfermagem,,,Voluntario,2019.1
DCIS,Direito,,,Voluntario,2019.1
DCHF,Psicologia,,,Voluntario,2019.1
DLA,Matemática,,,Voluntario,2019.1
DFIS,Engenharia de Alimentos,,,Voluntario,2019.1
DSAU,Enfermagem,,,Voluntario,2019.1
DCHF,Psicologia,,,Voluntario,2019.1
DCIS,Economia,,,Voluntario,2019.1
DEXA,Engenharia Civil,,,Voluntario,2019.1
DCHF,Direito,,,Voluntario,2019.1
DCHF,Psicologia,,,Voluntario,2019.1
DEXA,Licenciatura em Biologia,,,Voluntario,2019.1
DFIS,Bacharelado em Física,,,Voluntario,2019.1
DEDU,Licenciatura em Espanhol,,,Voluntario,2019.1
DLA,Licenciatura em Espanhol,,,Voluntario,2019.1
DTEC,Engenharia de Alimentos,,,Voluntario,2019.1
DEXA,Matemática,,,Voluntario,2019.1
DTEC,Agronomia,,,Voluntario,2019.1
DSAU,Enfermagem,,,Voluntario,2019.1
DSAU,Medicina,,,Voluntario,2019.1
DSAU,Medicina,,,Voluntario,2019.1
DSAU,Odontologia,,,Voluntario,2019.1
DEXA,Engenharia Civil,,,Voluntario,2019.1
DCIS,Direito,,,Voluntario,2019.1
DCIS,Direito,,,Voluntario,2019.1
DSAU,Medicina,,,Voluntario,2019.1
DEXA,Química,,,Voluntario,2019.1
DLA,Matemnática,,,Voluntario,2019.1
DEXA,Agronomia,,,Voluntario,2019.1
DEXA,Química,,,Voluntario,2019.1
DCIS,Direito,,,Voluntario,2019.1
DEXA,Química,,,Voluntario,2019.1
DEXA,Química,,,Voluntario,2019.1
DEXA,Matemática,,,Voluntario,2019.1
DTEC,Engenharia Civil,,,Voluntario,2019.1
DTEC,Engenharia Civil,,,Voluntario,2019.1
DCBIO,Odontologia,,,Voluntario,2019.1
DTEC,Engenharia Civil,,,Voluntario,2019.1
DTEC,Engenharia Civil,,,Voluntario,2019.1
DCBIO,Bacharelado em Biologia,,,Voluntario,2019.1
DSAU,Enfermagem,,,Voluntario,2019.1
DEXA,Matemática,,,Voluntario,2019.1
DCHF,Letras Vernáculas,,,Voluntario,2019.1
DCBIO,Enfermagem,,,Voluntario,2019.1
DCBIO,Agronomia,,,Voluntario,2019.1
DCHF,Direito,,,Voluntario,2019.1
DTEC,Engenharia de Alimentos,,,Voluntario,2019.1
DCBIO,Bacharelado em Biologia,,,Voluntario,2019.1
DCBIO,Bacharelado em Biologia,,,Voluntario,2019.1
DCBIO,Odontologia,,,Voluntario,2019.1
DEDU,Licenciatura em Geografia,,,Voluntario,2019.1
DCBIO,Agronomia,,,Voluntario,2019.1
DCBIO,Licenciatura em Biologia,,,Voluntario,2019.1
DCIS,Direito,,,Voluntario,2019.1
DEXA,Química,,,Voluntario,2019.1
DEXA,Química,,,Voluntario,2019.1
DEXA,Química,,,Voluntario,2019.1
DEXA,Química,,,Voluntario,2019.1
DCIS,Direito,,,Voluntario,2019.1
DEXA,Química,,,Voluntario,2019.1
DTEC,Engenharia de Alimentos,,,Voluntario,2019.1
DCBIO,Agronomia,,,Voluntario,2019.1
DSAU,Medicina,,,Voluntario,2019.1
DSAU,Medicina,,,Voluntario,2019.1
DCHF,Direito,,,Voluntario,2019.1
DEXA,Engenharia de Alimentos,,,Voluntario,2019.1
DCBIO,Enfermagem,,,Voluntario,2019.1
DEDU,Licenciatura em Geografia,,,Voluntario,2019.1
DCBIO,Bacharelado em Biologia,,,Voluntario,2019.1
DSAU,Medicina,,,Voluntario,2019.1
DSAU,Enfermagem,,,Voluntario,2019.1
DCIS,Direito,,,Voluntario,2019.1
DEXA,Ciências Contábeis,,,Voluntario,2019.1
DCIS,Direito,,,Voluntario,2019.1
DTEC,Agronomia,,,Voluntario,2019.1
DEXA,Matemática,,,Voluntario,2019.1
DCIS,Economia,,,Voluntario,2019.1
DEXA,Matemática,,,Voluntario,2019.1
DCIS,Direito,,,Voluntario,2019.1
DCIS,Direito,,,Voluntario,2019.1
DSAU,Medicina,,,Voluntario,2019.1
DSAU,Enfermagem,,,Voluntario,2019.1
DLA,Engenharia de Alimentos,,,Voluntario,2019.1
DEXA,Química,,,Voluntario,2019.1
DCIS,Direito,,,Voluntario,2019.1
DSAU,Odontologia,,,Voluntario,2019.1
DEXA,Matemática,,,Voluntario,2019.1
DEXA,Química,,,Voluntario,2019.1
DEXA,Matemática,,,Voluntario,2019.1
DTEC,Agronomia,,,Voluntario,2019.1
DEXA,Farmácia,,,Voluntario,2019.1
DCBIO,Educação Física,,,Voluntario,2019.1
DEXA,Matemática,,,Voluntario,2019.1
DCIS,Direito,,,Voluntario,2019.1
DCIS,Direito,,,Voluntario,2019.1
DCIS,Direito,,,Voluntario,2019.1
DCIS,Ciências Contábeis,,,Voluntario,2019.1
DCHF,Psicologia,,,Voluntario,2019.1
DLA,Letras com Inglês,,,Voluntario,2019.1
DTEC,Engenharia Civil,,,Voluntario,2019.1
DCHF,Psicologia,,,Voluntario,2019.1
DCHF,Psicologia,,,Voluntario,2019.1
DCBIO,Educação Física,,,Voluntario,2019.1
DTEC,Engenharia de Alimentos,,,Voluntario,2019.1
DCHF,Psicologia,,,Voluntario,2019.1
DCHF,Psicologia,,,Voluntario,2019.1
DCHF,Psicologia,,,Voluntario,2019.1
DCHF,Psicologia,,,Voluntario,2019.1
DCHF,Psicologia,,,Voluntario,2019.1
DCBIO,Educação Física,,,Voluntario,2019.1
DCBIO,Educação Física,,,Voluntario,2019.1
DFIS,Licenciatura em Física,,,Voluntario,2019.1
DFIS,Bacharelado em Física,,,Voluntario,2019.1
DFIS,Bacharelado em Física,,,Voluntario,2019.1
DEDU,Educação Física,,,Voluntario,2019.1
DCHF,Psicologia,,,Voluntario,2019.1
DCBIO,Licenciatura em Geografia,,,Voluntario,2019.1
DEDU,Letras Vernáculas,,,Voluntario,2019.1
DCIS,Direito,,,Voluntario,2019.1
DLA,Letras com Inglês,,,Voluntario,2019.1
DEXA,Matemática,,,Voluntario,2019.1
DEXA,Matemática,,,Voluntario,2019.1
DEXA,Engenharia de Alimentos,,,Voluntario,2019.1
DTEC,Engenharia Civil,,,Voluntario,2019.1
DCHF,Psicologia,,,Voluntario,2019.1
DCHF,Psicologia,,,Voluntario,2019.1
DEDU,Licenciatura em Espanhol,,,Voluntario,2019.1
DEXA,Matemática,,,Voluntario,2019.1
DCBIO,Medicina,,,Voluntario,2019.1
SAÚDE,ODONTOLOGIA,,,Voluntario,2020.2
CIÊNCIAS BIOLÓGICAS,LICENCIATURA EM EDUCAÇÃO FÍSICA,,,Voluntario,2020.2
CIÊNCIAS BIOLÓGICAS,LICENCIATURA EM EDUCAÇÃO FÍSICA,,,Voluntario,2020.2
CIÊNCIAS BIOLÓGICAS,LICENCIATURA EM EDUCAÇÃO FÍSICA,,,Voluntario,2020.2
CIÊNCIAS BIOLÓGICAS,LICENCIATURA EM EDUCAÇÃO FÍSICA,,,Voluntario,2020.2
SAÚDE,ODONTOLOGIA,,,Voluntario,2020.2
CIÊNCIAS BIOLÓGICAS,ODONTOLOGIA,,,Voluntario,2020.2
CIÊNCIAS EXATAS,LICENCIATURA EM QUÍMICA,,,Voluntario,2020.2
CIÊNCIAS EXATAS,LICENCIATURA EM QUÍMICA,,,Voluntario,2020.2
CIÊNCIAS EXATAS,LICENCIATURA EM QUÍMICA,,,Voluntario,2020.2
CIÊNCIAS BIOLÓGICAS,ENFERMAGEM,,,Voluntario,2020.2
SAÚDE,ODONTOLOGIA,,,Voluntario,2020.2
SAÚDE,ODONTOLOGIA,,,Voluntario,2020.2
SAÚDE,ODONTOLOGIA,,,Voluntario,2020.2
SAÚDE,ODONTOLOGIA,,,Voluntario,2020.2
TECNOLOGIA,ENGENHARIA DE ALIMENTOS,,,Voluntario,2020.2
EDUCAÇÃO,LICENCIATURA EM GEOGRAFIA,,,Voluntario,2020.2
SAÚDE,ODONTOLOGIA,,,Voluntario,2020.2
SAÚDE,ODONTOLOGIA,,,Voluntario,2020.2
CIÊNCIAS EXATAS,LICENCIATURA EM QUÍMICA,,,Voluntario,2020.2
CIÊNCIAS EXATAS,FARMÁCIA,,,Voluntario,2020.2
CIÊNCIAS HUMANAS E FILOSOFIA,PSICOLOGIA,,,Voluntario,2020.2
CIÊNCIAS HUMANAS E FILOSOFIA,PSICOLOGIA,,,Voluntario,2020.2
SAÚDE,ENFERMAGEM,,,Voluntario,2020.2
CIÊNCIAS BIOLÓGICAS,ODONTOLOGIA,,,Voluntario,2020.2
CIÊNCIAS BIOLÓGICAS,ODONTOLOGIA,,,Voluntario,2020.2
CIÊNCIAS HUMANAS E FILOSOFIA,GEOGRAFIA,,,Voluntario,2020.2
CIÊNCIAS HUMANAS E FILOSOFIA,GEOGRAFIA,,,Voluntario,2020.2
CIÊNCIAS SOCIAIS APLICADAS,DIREITO,,,Voluntario,2020.2
SAÚDE,PSICOLOGIA,,,Voluntario,2020.2
SAÚDE,ODONTOLOGIA,,,Voluntario,2020.2
SAÚDE,ODONTOLOGIA,,,Voluntario,2020.2
CIÊNCIAS HUMANAS E FILOSOFIA,PSICOLOGIA,,,Voluntario,2020.2
CIÊNCIAS HUMANAS E FILOSOFIA,PSICOLOGIA,,,Voluntario,2020.2
CIÊNCIAS EXATAS,ENGENHARIA CIVIL,,,Voluntario,2020.2
CIÊNCIAS EXATAS,ENGENHARIA CIVIL,,,Voluntario,2020.2
CIÊNCIAS EXATAS,ENGENHARIA CIVIL,,,Voluntario,2020.2
SAÚDE,MEDICINA,,,Voluntario,2020.2
CIÊNCIAS HUMANAS E FILOSOFIA,PSICOLOGIA,,,Voluntario,2020.2
CIÊNCIAS HUMANAS E FILOSOFIA,PSICOLOGIA,,,Voluntario,2020.2
SAÚDE,ODONTOLOGIA,,,Voluntario,2020.2
SAÚDE,ODONTOLOGIA,,,Voluntario,2020.2
SAÚDE,ODONTOLOGIA,,,Voluntario,2020.2
CIÊNCIAS EXATAS,LICENCIATURA EM QUÍMICA,,,Voluntario,2020.2
CIÊNCIAS HUMANAS E FILOSOFIA,PSICOLOGIA,,,Voluntario,2020.2
CIÊNCIAS HUMANAS E FILOSOFIA,PSICOLOGIA,,,Voluntario,2020.2
CIÊNCIAS EXATAS,LICENCIATURA EM MATEMÁTICA,,,Voluntario,2020.2
CIÊNCIAS SOCIAIS APLICADAS,DIREITO,,,Voluntario,2020.2
CIÊNCIAS SOCIAIS APLICADAS,DIREITO,,,Voluntario,2020.2
CIÊNCIAS EXATAS,ENGENHARIA DE COMPUTAÇÃO,,,Voluntario,2020.2
SAÚDE,FARMÁCIA,,,Voluntario,2020.2
CIÊNCIAS HUMANAS E FILOSOFIA,PSICOLOGIA,,,Voluntario,2020.2
CIÊNCIAS HUMANAS E FILOSOFIA,PSICOLOGIA,,,Voluntario,2020.2
SAÚDE,FARMÁCIA,,,Voluntario,2020.2
SAÚDE,ODONTOLOGIA,,,Voluntario,2020.2
CIÊNCIAS SOCIAIS APLICADAS,DIREITO,,,Voluntario,2020.2
CIÊNCIAS SOCIAIS APLICADAS,DIREITO,,,Voluntario,2020.2
FÍSICA,LICENCIATURA EM FÍSICA,,,Voluntario,2020.2
FÍSICA,LICENCIATURA EM FÍSICA,,,Voluntario,2020.2
CIÊNCIAS EXATAS,LICENCIATURA EM MATEMÁTICA,,,Voluntario,2020.2
CIÊNCIAS SOCIAIS APLICADAS,CIÊNCIAS ECONÔMICAS,,,Voluntario,2020.2
CIÊNCIAS SOCIAIS APLICADAS,CIÊNCIAS ECONÔMICAS,,,Voluntario,2020.2
CIÊNCIAS SOCIAIS APLICADAS,DIREITO,,,Voluntario,2020.2
EDUCAÇÃO,LICENCIATURA EM MATEMÁTICA,,,Voluntario,2020.2
CIÊNCIAS HUMANAS E FILOSOFIA,DIREITO,,,Voluntario,2020.2
CIÊNCIAS SOCIAIS APLICADAS,DIREITO,,,Voluntario,2020.2
CIÊNCIAS SOCIAIS APLICADAS,DIREITO,,,Voluntario,2020.2
CIÊNCIAS SOCIAIS APLICADAS,DIREITO,,,Voluntario,2020.2
CIÊNCIAS SOCIAIS APLICADAS,DIREITO,,,Voluntario,2020.2
CIÊNCIAS HUMANAS E FILOSOFIA,PSICOLOGIA,,,Voluntario,2020.2
CIÊNCIAS HUMANAS E FILOSOFIA,PSICOLOGIA,,,Voluntario,2020.2
CIÊNCIAS HUMANAS E FILOSOFIA,PSICOLOGIA,,,Voluntario,2020.2
SAÚDE,ODONTOLOGIA,,,Voluntario,2020.2
SAÚDE,ODONTOLOGIA,,,Voluntario,2020.2
CIÊNCIAS EXATAS,LICENCIATURA EM MATEMÁTICA,,,Voluntario,2020.2
CIÊNCIAS EXATAS,ENGENHARIA DE COMPUTAÇÃO,,,Voluntario,2020.2
CIÊNCIAS SOCIAIS APLICADAS,DIREITO,,,Voluntario,2020.2
TECNOLOGIA,ENGENHARIA DE ALIMENTOS,,,Voluntario,2020.2
CIÊNCIAS BIOLÓGICAS,ODONTOLOGIA,,,Voluntario,2020.2
CIÊNCIAS BIOLÓGICAS,LICENCIATURA EM CIÊNCIAS BIOLÓGICAS,,,Voluntario,2020.2
EDUCAÇÃO,LICENCIATURA EM LETRAS ESPANHOL,,,Voluntario,2020.2
CIÊNCIAS SOCIAIS APLICADAS,DIREITO,,,Voluntario,2020.2
DFIS,BACHARELADO EM FÍSICA,,,Voluntario,2021.1
DFIS,BACHARELADO EM FÍSICA,,,Voluntario,2021.1
DSAU,ENFERMAGEM,,,Voluntario,2021.1
DCHF,BACHARELADO EM PSICOLOGIA,,,Voluntario,2021.1
DSAU,LICENCIATURA EM EDUCAÇÃO FÍSICA,,,Voluntario,2021.1
DCBIO,LICENCIATURA EM EDUCAÇÃO FÍSICA,,,Voluntario,2021.1
DCBIO,LICENCIATURA EM EDUCAÇÃO FÍSICA,,,Voluntario,2021.1
DCBIO,LICENCIATURA EM EDUCAÇÃO FÍSICA,,,Voluntario,2021.1
DCBIO,LICENCIATURA EM EDUCAÇÃO FÍSICA,,,Voluntario,2021.1
DCBIO,LICENCIATURA EM EDUCAÇÃO FÍSICA,,,Voluntario,2021.1
DCBIO,LICENCIATURA EM EDUCAÇÃO FÍSICA,,,Voluntario,2021.1
DCBIO,LICENCIATURA EM EDUCAÇÃO FÍSICA,,,Voluntario,2021.1
DCIS,DIREITO,,,Voluntario,2021.1
DCHF,BACHARELADO EM PSICOLOGIA,,,Voluntario,2021.1
DCHF,BACHARELADO EM PSICOLOGIA,,,Voluntario,2021.1
DCBIO,BACHARELADO EM CIÊNCIAS BIOLÓGICAS,,,Voluntario,2021.1
DSAU,ODONTOLOGIA,,,Voluntario,2021.1
DSAU,ODONTOLOGIA,,,Voluntario,2021.1
DSAU,ODONTOLOGIA,,,Voluntario,2021.1
DSAU,ODONTOLOGIA,,,Voluntario,2021.1
DSAU,ODONTOLOGIA,,,Voluntario,2021.1
DCHF,BACHARELADO EM PSICOLOGIA,,,Voluntario,2021.1
DCHF,GEOGRAFIA,,,Voluntario,2021.1
DCHF,BACHARELADO EM PSICOLOGIA,,,Voluntario,2021.1
DCHF,BACHARELADO EM PSICOLOGIA,,,Voluntario,2021.1
DEXA,ENGENHARIA DE ALIMENTOS,,,Voluntario,2021.1
DCBIO,ODONTOLOGIA,,,Voluntario,2021.1
DEXA,AGRONOMIA,,,Voluntario,2021.1
DCBIO,AGRONOMIA,,,Voluntario,2021.1
DCBIO,AGRONOMIA,,,Voluntario,2021.1
DEXA,LICENCIATURA EM QUÍMICA,,,Voluntario,2021.1
DEXA,LICENCIATURA EM QUÍMICA,,,Voluntario,2021.1
DEXA,LICENCIATURA EM QUÍMICA,,,Voluntario,2021.1
DEXA,LICENCIATURA EM FÍSICA,,,Voluntario,2021.1
DEXA,LICENCIATURA EM QUÍMICA,,,Voluntario,2021.1
DEXA,LICENCIATURA EM QUÍMICA,,,Voluntario,2021.1
DEXA,LICENCIATURA EM QUÍMICA,,,Voluntario,2021.1
DCBIO,FARMÁCIA,,,Voluntario,2021.1
DCBIO,ENFERMAGEM,,,Voluntario,2021.1
DSAU,ODONTOLOGIA,,,Voluntario,2021.1
DCHF,BACHARELADO EM PSICOLOGIA,,,Voluntario,2021.1
DCIS,DIREITO,,,Voluntario,2021.1
DCIS,DIREITO,,,Voluntario,2021.1
DCIS,DIREITO,,,Voluntario,2021.1
DCIS,DIREITO,,,Voluntario,2021.1
DCIS,DIREITO,,,Voluntario,2021.1
DCIS,DIREITO,,,Voluntario,2021.1
DSAU,ODONTOLOGIA,,,Voluntario,2021.1
DSAU,ODONTOLOGIA,,,Voluntario,2021.1
DSAU,ODONTOLOGIA,,,Voluntario,2021.1
DSAU,ODONTOLOGIA,,,Voluntario,2021.1
DTEC,ENGENHARIA CIVIL,,,Voluntario,2021.1
DCHF,BACHARELADO EM PSICOLOGIA,,,Voluntario,2021.1
DEXA,ENGENHARIA CIVIL,,,Voluntario,2021.1
DEXA,ENGENHARIA CIVIL,,,Voluntario,2021.1
DEXA,ENGENHARIA CIVIL,,,Voluntario,2021.1
DCIS,DIREITO,,,Voluntario,2021.1
DCIS,DIREITO,,,Voluntario,2021.1
DCHF,BACHARELADO EM PSICOLOGIA,,,Voluntario,2021.1
DCHF,BACHARELADO EM PSICOLOGIA,,,Voluntario,2021.1
DSAU,FARMÁCIA,,,Voluntario,2021.1
DCBIO,BACHARELADO EM CIÊNCIAS BIOLÓGICAS,,,Voluntario,2021.1
DTEC,ENGENHARIA DE ALIMENTOS,,,Voluntario,2021.1
DCHF,BACHARELADO EM PSICOLOGIA,,,Voluntario,2021.1
DFIS,LICENCIATURA EM FÍSICA,,,Voluntario,2021.1
DSAU,ODONTOLOGIA,,,Voluntario,2021.1
DSAU,ODONTOLOGIA,,,Voluntario,2021.1
DSAU,ODONTOLOGIA,,,Voluntario,2021.1
DEXA,LICENCIATURA EM MATEMÁTICA,,,Voluntario,2021.1
DSAU,ODONTOLOGIA,,,Voluntario,2021.1
DEXA,ENGENHARIA DE COMPUTAÇÃO,,,Voluntario,2021.1
DEDU,LICENCIATURA EM PEDAGOGIA,,,Voluntario,2021.1
DCBIO,FARMÁCIA,,,Voluntario,2021.1
DEDU,LICENCIATURA EM PEDAGOGIA,,,Voluntario,2021.1
DCHF,BACHARELADO EM GEOGRAFIA,,,Voluntario,2021.1
DCHF,BACHARELADO EM PSICOLOGIA,,,Voluntario,2021.1
DEDU,LICENCIATURA EM GEOGRAFIA,,,Voluntario,2021.1
DCHF,DIREITO,,,Voluntario,2021.1
DCIS,DIREITO,,,Voluntario,2021.1
DSAU,FARMÁCIA,,,Voluntario,2021.1
DEXA,LICENCIATURA EM MATEMÁTICA,,,Voluntario,2021.1
DEDU,GEOGRAFIA,,,Voluntario,2021.1
DSAU,ODONTOLOGIA,,,Voluntario,2021.1
DSAU,ODONTOLOGIA,,,Voluntario,2021.1
DSAU,ODONTOLOGIA,,,Voluntario,2021.1
DEXA,AGRONOMIA,,,Voluntario,2021.1
DEXA,AGRONOMIA,,,Voluntario,2021.1
DEXA,AGRONOMIA,,,Voluntario,2021.1
DCIS,DIREITO,,,Voluntario,2021.1
DCIS,DIREITO,,,Voluntario,2021.1
DCIS,DIREITO,,,Voluntario,2021.1
DFIS,LICENCIATURA EM FÍSICA,,,Voluntario,2021.1
DSAU,MEDICINA,,,Voluntario,2021.1
DSAU,MEDICINA,,,Voluntario,2021.1
DCHF,LICENCIATURA EM FILOSOFIA,,,Voluntario,2021.1
DCIS,AGRONOMIA,,,Voluntario,2021.1
DCIS,AGRONOMIA,,,Voluntario,2021.1
DCHF,LICENCIATURA EM HISTÓRIA,,,Voluntario,2021.1
DLA,AGRONOMIA,,,Voluntario,2021.1
DEXA,LICENCIATURA EM QUÍMICA,,,Voluntario,2021.1
DEXA,LICENCIATURA EM FÍSICA,,,Voluntario,2021.1
CIÊNCIAS BIOLÓGICAS,LICENCIATURA EM EDUCAÇÃO FÍSICA,,,Voluntario,2022.1
CIÊNCIAS BIOLÓGICAS,LICENCIATURA EM EDUCAÇÃO FÍSICA,,,Voluntario,2022.1
CIÊNCIAS BIOLÓGICAS,LICENCIATURA EM EDUCAÇÃO FÍSICA,,,Voluntario,2022.1
CIÊNCIAS BIOLÓGICAS,LICENCIATURA EM EDUCAÇÃO FÍSICA,,,Voluntario,2022.1
CIÊNCIAS BIOLÓGICAS,LICENCIATURA EM EDUCAÇÃO FÍSICA,,,Voluntario,2022.1
CIÊNCIAS BIOLÓGICAS,LICENCIATURA EM EDUCAÇÃO FÍSICA,,,Voluntario,2022.1
CIÊNCIAS BIOLÓGICAS,LICENCIATURA EM EDUCAÇÃO FÍSICA,,,Voluntario,2022.1
CIÊNCIAS BIOLÓGICAS,LICENCIATURA EM EDUCAÇÃO FÍSICA,,,Voluntario,2022.1
CIÊNCIAS BIOLÓGICAS,ODONTOLOGIA,,,Voluntario,2022.1
CIÊNCIAS BIOLÓGICAS,ODONTOLOGIA,,,Voluntario,2022.1
CIÊNCIAS BIOLÓGICAS,ODONTOLOGIA,,,Voluntario,2022.1
CIÊNCIAS BIOLÓGICAS,AGRONOMIA,,,Voluntario,2022.1
CIÊNCIAS BIOLÓGICAS,AGRONOMIA,,,Voluntario,2022.1
CIÊNCIAS BIOLÓGICAS,AGRONOMIA,,,Voluntario,2022.1
CIÊNCIAS BIOLÓGICAS,ENFERMAGEM,,,Voluntario,2022.1
CIÊNCIAS BIOLÓGICAS,ODONTOLOGIA,,,Voluntario,2022.1
CIÊNCIAS BIOLÓGICAS,ODONTOLOGIA,,,Voluntario,2022.1
CIÊNCIAS EXATAS,LICENCIATURA EM QUÍMICA,,,Voluntario,2022.1
CIÊNCIAS EXATAS,ENGENHARIA DE ALIMENTOS,,,Voluntario,2022.1
CIÊNCIAS EXATAS,ENGENHARIA DE ALIMENTOS,,,Voluntario,2022.1
CIÊNCIAS EXATAS,LICENCIATURA EM QUÍMICA,,,Voluntario,2022.1
CIÊNCIAS EXATAS,LICENCIATURA EM QUÍMICA,,,Voluntario,2022.1
CIÊNCIAS EXATAS,AGRONOMIA,,,Voluntario,2022.1
CIÊNCIAS EXATAS,LICENCIATURA EM MATEMÁTICA,,,Voluntario,2022.1
CIÊNCIAS EXATAS,ENGENHARIA DE COMPUTAÇÃO,,,Voluntario,2022.1
CIÊNCIAS EXATAS,BACHARELADO EM FÍSICA,,,Voluntario,2022.1
CIÊNCIAS EXATAS,LICENCIATURA EM QUÍMICA,,,Voluntario,2022.1
CIÊNCIAS EXATAS,LICENCIATURA EM QUÍMICA,,,Voluntario,2022.1
CIÊNCIAS EXATAS,LICENCIATURA EM QUÍMICA,,,Voluntario,2022.1
CIÊNCIAS EXATAS,LICENCIATURA EM QUÍMICA,,,Voluntario,2022.1
CIÊNCIAS EXATAS,LICENCIATURA EM QUÍMICA,,,Voluntario,2022.1
CIÊNCIAS EXATAS,LICENCIATURA EM MATEMÁTICA,,,Voluntario,2022.1
CIÊNCIAS EXATAS,BACHARELADO EM FÍSICA,,,Voluntario,2022.1
CIÊNCIAS EXATAS,LICENCIATURA EM MATEMÁTICA,,,Voluntario,2022.1
CIÊNCIAS EXATAS,LICENCIATURA EM QUÍMICA,,,Voluntario,2022.1
CIÊNCIAS EXATAS,LICENCIATURA EM QUÍMICA,,,Voluntario,2022.1
CIÊNCIAS EXATAS,FARMÁCIA,,,Voluntario,2022.1
CIÊNCIAS EXATAS,FARMÁCIA,,,Voluntario,2022.1
CIÊNCIAS EXATAS,LICENCIATURA EM QUÍMICA,,,Voluntario,2022.1
CIÊNCIAS EXATAS,LICENCIATURA EM QUÍMICA,,,Voluntario,2022.1
CIÊNCIAS EXATAS,LICENCIATURA EM QUÍMICA,,,Voluntario,2022.1
CIÊNCIAS EXATAS,LICENCIATURA EM MATEMÁTICA,,,Voluntario,2022.1
CIÊNCIAS EXATAS,AGRONOMIA,,,Voluntario,2022.1
CIÊNCIAS EXATAS,LICENCIATURA EM QUÍMICA,,,Voluntario,2022.1
CIÊNCIAS EXATAS,FARMÁCIA,,,Voluntario,2022.1
CIÊNCIAS EXATAS,LICENCIATURA EM MATEMÁTICA,,,Voluntario,2022.1
CIÊNCIAS EXATAS,ENGENHARIA DE ALIMENTOS,,,Voluntario,2022.1
CIÊNCIAS HUMANAS E FILOSOFIA,BACHARELADO EM PSICOLOGIA,,,Voluntario,2022.1
CIÊNCIAS HUMANAS E FILOSOFIA,BACHARELADO EM PSICOLOGIA,,,Voluntario,2022.1
CIÊNCIAS HUMANAS E FILOSOFIA,BACHARELADO EM PSICOLOGIA,,,Voluntario,2022.1
CIÊNCIAS HUMANAS E FILOSOFIA,BACHARELADO EM PSICOLOGIA,,,Voluntario,2022.1
CIÊNCIAS HUMANAS E FILOSOFIA,BACHARELADO EM PSICOLOGIA,,,Voluntario,2022.1
CIÊNCIAS HUMANAS E FILOSOFIA,BACHARELADO EM PSICOLOGIA,,,Voluntario,2022.1
CIÊNCIAS HUMANAS E FILOSOFIA,BACHARELADO EM PSICOLOGIA,,,Voluntario,2022.1
CIÊNCIAS HUMANAS E FILOSOFIA,BACHARELADO EM PSICOLOGIA,,,Voluntario,2022.1
CIÊNCIAS HUMANAS E FILOSOFIA,DIREITO,,,Voluntario,2022.1
CIÊNCIAS HUMANAS E FILOSOFIA,DIREITO,,,Voluntario,2022.1
CIÊNCIAS HUMANAS E FILOSOFIA,BACHARELADO EM PSICOLOGIA,,,Voluntario,2022.1
CIÊNCIAS HUMANAS E FILOSOFIA,BACHARELADO EM PSICOLOGIA,,,Voluntario,2022.1
CIÊNCIAS HUMANAS E FILOSOFIA,BACHARELADO EM PSICOLOGIA,,,Voluntario,2022.1
CIÊNCIAS HUMANAS E FILOSOFIA,GEOGRAFIA,,,Voluntario,2022.1
CIÊNCIAS HUMANAS E FILOSOFIA,BACHARELADO EM PSICOLOGIA,,,Voluntario,2022.1
CIÊNCIAS HUMANAS E FILOSOFIA,GEOGRAFIA,,,Voluntario,2022.1
CIÊNCIAS HUMANAS E FILOSOFIA,LICENCIATURA EM PEDAGOGIA,,,Voluntario,2022.1
CIÊNCIAS HUMANAS E FILOSOFIA,LICENCIATURA EM HISTÓRIA,,,Voluntario,2022.1
CIÊNCIAS HUMANAS E FILOSOFIA,GEOGRAFIA,,,Voluntario,2022.1
CIÊNCIAS HUMANAS E FILOSOFIA,BACHARELADO EM PSICOLOGIA,,,Voluntario,2022.1
CIÊNCIAS HUMANAS E FILOSOFIA,LICENCIATURA EM GEOGRAFIA,,,Voluntario,2022.1
CIÊNCIAS HUMANAS E FILOSOFIA,BACHARELADO EM PSICOLOGIA,,,Voluntario,2022.1
CIÊNCIAS HUMANAS E FILOSOFIA,BACHARELADO EM GEOGRAFIA,,,Voluntario,2022.1
CIÊNCIAS HUMANAS E FILOSOFIA,BACHARELADO EM PSICOLOGIA,,,Voluntario,2022.1
CIÊNCIAS HUMANAS E FILOSOFIA,BACHARELADO EM PSICOLOGIA,,,Voluntario,2022.1
CIÊNCIAS HUMANAS E FILOSOFIA,GEOGRAFIA,,,Voluntario,2022.1
SAÚDE,ODONTOLOGIA,,,Voluntario,2022.1
SAÚDE,ODONTOLOGIA,,,Voluntario,2022.1
SAÚDE,ODONTOLOGIA,,,Voluntario,2022.1
SAÚDE,ODONTOLOGIA,,,Voluntario,2022.1
SAÚDE,ODONTOLOGIA,,,Voluntario,2022.1
SAÚDE,ODONTOLOGIA,,,Voluntario,2022.1
SAÚDE,ODONTOLOGIA,,,Voluntario,2022.1
SAÚDE,ENFERMAGEM,,,Voluntario,2022.1
SAÚDE,ENFERMAGEM,,,Voluntario,2022.1
SAÚDE,ODONTOLOGIA,,,Voluntario,2022.1
SAÚDE,MEDICINA,,,Voluntario,2022.1
SAÚDE,ODONTOLOGIA,,,Voluntario,2022.1
SAÚDE,ODONTOLOGIA,,,Voluntario,2022.1
TECNOLOGIA,ENGENHARIA DE COMPUTAÇÃO,,,Voluntario,2022.1
TECNOLOGIA,ENGENHARIA DE ALIMENTOS,,,Voluntario,2022.1
TECNOLOGIA,AGRONOMIA,,,Voluntario,2022.1
TECNOLOGIA,AGRONOMIA,,,Voluntario,2022.1
TECNOLOGIA,ENGENHARIA DE ALIMENTOS,,,Voluntario,2022.1
TECNOLOGIA,ENGENHARIA DE ALIMENTOS,,,Voluntario,2022.1
TECNOLOGIA,ENGENHARIA DE ALIMENTOS,,,Voluntario,2022.1
TECNOLOGIA,ENGENHARIA CIVIL,,,Voluntario,2022.1
CIÊNCIAS SOCIAIS APLICADAS,DIREITO,,,Voluntario,2022.1
CIÊNCIAS SOCIAIS APLICADAS,DIREITO,,,Voluntario,2022.1
CIÊNCIAS SOCIAIS APLICADAS,CIÊNCIAS ECONÔMICAS,,,Voluntario,2022.1
CIÊNCIAS SOCIAIS APLICADAS,CIÊNCIAS ECONÔMICAS,,,Voluntario,2022.1
LETRAS E ARTES,ENGENHARIA CIVIL,,,Voluntario,2022.1
LETRAS E ARTES,AGRONOMIA,,,Voluntario,2022.1
LETRAS E ARTES,ENGENHARIA CIVIL,,,Voluntario,2022.1
FÍSICA,BACHARELADO EM FÍSICA,,,Voluntario,2022.1
DSAU,Odontologia,,,Voluntario,2023.2
DSAU,Odontologia,,,Voluntario,2023.2
DSAU,Odontologia,,,Voluntario,2023.2
DSAU,Odontologia,,,Voluntario,2023.2
DSAU,Odontologia,,,Voluntario,2023.2
DSAU,Psicologia,,,Voluntario,2023.2
DSAU,Odontologia,,,Voluntario,2023.2
DSAU,Odontologia,,,Voluntario,2023.2
DSAU,Odontologia,,,Voluntario,2023.2
DSAU,Odontologia,,,Voluntario,2023.2
DSAU,Medicina,,,Voluntario,2023.2
DSAU,Medicina,,,Voluntario,2023.2
DSAU,Odontologia,,,Voluntario,2023.2
DSAU,Medicina,,,Voluntario,2023.2
DSAU,Odontologia,,,Voluntario,2023.2
DSAU,Odontologia,,,Voluntario,2023.2
DSAU,Medicina,,,Voluntario,2023.2
DSAU,Medicina,,,Voluntario,2023.2
DSAU,Enfermagem,,,Voluntario,2023.2
DSAU,Enfermagem,,,Voluntario,2023.2
DSAU,Odontologia,,,Voluntario,2023.2
DSAU,Odontologia,,,Voluntario,2023.2
DSAU,Educação Física,,,Voluntario,2023.2
DSAU,Medicina,,,Voluntario,2023.2
DSAU,Odontologia,,,Voluntario,2023.2
DSAU,Odontologia,,,Voluntario,2023.2
DSAU,Odontologia,,,Voluntario,2023.2
DSAU,Odontologia,,,Voluntario,2023.2
DSAU,Medicina,,,Voluntario,2023.2
DSAU,Medicina,,,Voluntario,2023.2
DSAU,Medicina,,,Voluntario,2023.2
DSAU,Odontologia,,,Voluntario,2023.2
DSAU,Odontologia,,,Voluntario,2023.2
DSAU,Medicina,,,Voluntario,2023.2
DSAU,Medicina,,,Voluntario,2023.2
DSAU,Farmácia,,,Voluntario,2023.2
DSAU,Odontologia,,,Voluntario,2023.2
DSAU,Odontologia,,,Voluntario,2023.2
DCHF,Geografia,,,Voluntario,2023.2
DCHF,Psicologia,,,Voluntario,2023.2
DCHF,Pedagogia,,,Voluntario,2023.2
DCHF,Psicologia,,,Voluntario,2023.2
DCHF,Filosofia,,,Voluntario,2023.2
DCHF,Psicologia,,,Voluntario,2023.2
DCHF,Psicologia,,,Voluntario,2023.2
DCHF,Geografia,,,Voluntario,2023.2
DCHF,História,,,Voluntario,2023.2
DCHF,Geografia,,,Voluntario,2023.2
DCHF,Psicologia,,,Voluntario,2023.2
DCHF,Psicologia,,,Voluntario,2023.2
DCHF,Psicologia,,,Voluntario,2023.2
DCHF,Psicologia,,,Voluntario,2023.2
DCHF,Psicologia,,,Voluntario,2023.2
DCHF,Direito,,,Voluntario,2023.2
DCHF,Psicologia,,,Voluntario,2023.2
DCHF,Psicologia,,,Voluntario,2023.2
DCHF,Psicologia,,,Voluntario,2023.2
DCHF,Psicologia,,,Voluntario,2023.2
DCHF,Psicologia,,,Voluntario,2023.2
DCHF,Psicologia,,,Voluntario,2023.2
DCHF,Psicologia,,,Voluntario,2023.2
DCHF,Psicologia,,,Voluntario,2023.2
DCHF,Psicologia,,,Voluntario,2023.2
DCHF,Psicologia,,,Voluntario,2023.2
DCHF,Psicologia,,,Voluntario,2023.2
DCHF,Psicologia,,,Voluntario,2023.2
DCHF,Psicologia,,,Voluntario,2023.2
DCHF,Psicologia,,,Voluntario,2023.2
DCHF,Psicologia,,,Voluntario,2023.2
DCHF,Psicologia,,,Voluntario,2023.2
DCHF,Psicologia,,,Voluntario,2023.2
DCHF,Psicologia,,,Voluntario,2023.2
DCHF,Geografia,,,Voluntario,2023.2
DCHF,Geografia,,,Voluntario,2023.2
DEXA,Matemática / licenciatura,,,Voluntario,2023.2
DEXA,Matemática / licenciatura,,,Voluntario,2023.2
DEXA,Engenharia Civil,,,Voluntario,2023.2
DEXA,Agronomia,,,Voluntario,2023.2
DEXA,Química,,,Voluntario,2023.2
DEXA,Farmacia,,,Voluntario,2023.2
DEXA,Engenharia de Alimentos,,,Voluntario,2023.2
DEXA,Química,,,Voluntario,2023.2
DEXA,Farmacia,,,Voluntario,2023.2
DEXA,Química,,,Voluntario,2023.2
DEXA,Química,,,Voluntario,2023.2
DEXA,Química,,,Voluntario,2023.2
DEXA,Química,,,Voluntario,2023.2
DEXA,Química,,,Voluntario,2023.2
DEXA,Agronomia,,,Voluntario,2023.2
DEXA,Química,,,Voluntario,2023.2
DEXA,Engenharia de Alimentos,,,Voluntario,2023.2
DEXA,Matemática / licenciatura,,,Voluntario,2023.2
DEXA,Engenharia Civil,,,Voluntario,2023.2
DEXA,Engenharia Civil,,,Voluntario,2023.2
DEXA,Engenharia Civil,,,Voluntario,2023.2
DEXA,Matemática / licenciatura,,,Voluntario,2023.2
DEXA,Engenharia Civil,,,Voluntario,2023.2
DEXA,Engenharia Civil,,,Voluntario,2023.2
DEXA,Química,,,Voluntario,2023.2
DEXA,Química,,,Voluntario,2023.2
DEXA,Química,,,Voluntario,2023.2
DEXA,Matemática / licenciatura,,,Voluntario,2023.2
DEXA,Engenharia Civil,,,Voluntario,2023.2
DEXA,Química,,,Voluntario,2023.2
DEXA,Química,,,Voluntario,2023.2
DEXA,Engenharia Civil,,,Voluntario,2023.2
DEXA,Química,,,Voluntario,2023.2
DEXA,Física,,,Voluntario,2023.2
DEXA,Matemática,,,Voluntario,2023.2
DEXA,Química,,,Voluntario,2023.2
DEXA,Matemática / licenciatura,,,Voluntario,2023.2
DEXA,Farmácia,,,Voluntario,2023.2
DEXA,Biologia,,,Voluntario,2023.2
DEXA,Agronomia,,,Voluntario,2023.2
DEXA,Física,,,Voluntario,2023.2
DEXA,Farmácia,,,Voluntario,2023.2
DEXA,Física,,,Voluntario,2023.2
DEXA,Química,,,Voluntario,2023.2
DEXA,Matemática,,,Voluntario,2023.2
DEXA,Engenharia Civil,,,Voluntario,2023.2
DEXA,Administração,,,Voluntario,2023.2
DEXA,Farmácia,,,Voluntario,2023.2
DTEC,Agronomia,,,Voluntario,2023.2
DTEC,Engenharia Civil,,,Voluntario,2023.2
DTEC,Engenharia Civil,,,Voluntario,2023.2
DTEC,Engenharia Civil,,,Voluntario,2023.2
DTEC,Engenharia Civil,,,Voluntario,2023.2
DTEC,Engenharia Civil,,,Voluntario,2023.2
DTEC,Engenharia de Alimentos,,,Voluntario,2023.2
DTEC,Eng. de Computação,,,Voluntario,2023.2
DEDU,Letras Português e Espanhol,,,Voluntario,2023.2
DEDU,Pedagogia,,,Voluntario,2023.2
DEDU,Letras Inglês,,,Voluntario,2023.2
DEDU,Pedagogia,,,Voluntario,2023.2
DEDU,Letras Vernáculas,,,Voluntario,2023.2
DEDU,Matemática,,,Voluntario,2023.2
DLA,Engenharia de Alimentos,,,Voluntario,2023.2
DLA,Letras Inglês,,,Voluntario,2023.2
DLA,Letras Português e Espanhol,,,Voluntario,2023.2
DLA,Letras - Inglês,,,Voluntario,2023.2
DLA,Engenharia Civil,,,Voluntario,2023.2
DLA,Engenharia Civil,,,Voluntario,2023.2
DCBIO,Agronomia,,,Voluntario,2023.2
DCBIO,Agronomia,,,Voluntario,2023.2
DCBIO,Ciências biológicas,,,Voluntario,2023.2
DCBIO,Ciências biológicas,,,Voluntario,2023.2
DCBIO,Agronomia,,,Voluntario,2023.2
DCBIO,Ciências biológicas,,,Voluntario,2023.2
DCBIO,Odontologia,,,Voluntario,2023.2
DCBIO,Ciências biológicas,,,Voluntario,2023.2
DCBIO,Farmácia,,,Voluntario,2023.2
DCBIO,Odontologia,,,Voluntario,2023.2
DCBIO,Odontologia,,,Voluntario,2023.2
DCBIO,Odontologia,,,Voluntario,2023.2
DCBIO,EDUCAÇÃO FISICA,,,Voluntario,2023.2
DCBIO,Odontologia,,,Voluntario,2023.2
DCBIO,Odontologia,,,Voluntario,2023.2
DCBIO,EDUCAÇÃO FISICA,,,Voluntario,2023.2
DCBIO,Odontologia,,,Voluntario,2023.2
DCBIO,Ciências Biológicas,,,Voluntario,2023.2
DCBIO,Agronomia,,,Voluntario,2023.2
DCBIO,Agronomia,,,Voluntario,2023.2
DCBIO,Agronomia,,,Voluntario,2023.2
DCBIO,Odontologia,,,Voluntario,2023.2
DCBIO,Odontologia,,,Voluntario,2023.2
DCBIO,Odontologia,,,Voluntario,2023.2
DCIS,Ciências Econômicas,,,Voluntario,2023.2
DCIS,Ciências Econômicas,,,Voluntario,2023.2
DCIS,Ciências Econômicas,,,Voluntario,2023.2
DCIS,Direito,,,Voluntario,2023.2
DCIS,Direito,,,Voluntario,2023.2
DCIS,Direito,,,Voluntario,2023.2
DCIS,,,,Voluntario,2023.2
DCIS,Direito,,,Voluntario,2023.2
DCIS,Ciências Econômicas,,,Voluntario,2023.2
DCIS,Direito,,,Voluntario,2023.2
DCIS,Direito,,,Voluntario,2023.2
DCIS,Direito,,,Voluntario,2023.2
DCIS,Direito,,,Voluntario,2023.2
DCIS,Direito,,,Voluntario,2023.2
DCIS,Direito,,,Voluntario,2023.2
DCIS,Direito,,,Voluntario,2023.2
DCIS,Direito,,,Voluntario,2023.2
DCIS,Direito,,,Voluntario,2023.2
DCIS,Direito,,,Voluntario,2023.2
DCIS,Direito,,,Voluntario,2023.2
DSAU,BACHARELADO EM MEDICINA,,,Voluntario,2023.1
DSAU,ODONTOLOGIA,,,Voluntario,2023.1
DSAU,ODONTOLOGIA,,,Voluntario,2023.1
DSAU,ODONTOLOGIA,,,Voluntario,2023.1
DSAU,ODONTOLOGIA,,,Voluntario,2023.1
DSAU,ODONTOLOGIA,,,Voluntario,2023.1
DSAU,ODONTOLOGIA,,,Voluntario,2023.1
DSAU,ODONTOLOGIA,,,Voluntario,2023.1
DSAU,ODONTOLOGIA,,,Voluntario,2023.1
DSAU,ODONTOLOGIA,,,Voluntario,2023.1
DSAU,ODONTOLOGIA,,,Voluntario,2023.1
DSAU,ODONTOLOGIA,,,Voluntario,2023.1
DSAU,ODONTOLOGIA,,,Voluntario,2023.1
DSAU,ODONTOLOGIA,,,Voluntario,2023.1
DSAU,ODONTOLOGIA,,,Voluntario,2023.1
DSAU,ODONTOLOGIA,,,Voluntario,2023.1
DSAU,ODONTOLOGIA,,,Voluntario,2023.1
DSAU,BACHARELADO EM MEDICINA,,,Voluntario,2023.1
DSAU,ODONTOLOGIA,,,Voluntario,2023.1
DSAU,ODONTOLOGIA,,,Voluntario,2023.1
DSAU,ODONTOLOGIA,,,Voluntario,2023.1
DSAU,ODONTOLOGIA,,,Voluntario,2023.1
DSAU,ODONTOLOGIA,,,Voluntario,2023.1
DSAU,BACHARELADO EM MEDICINA,,,Voluntario,2023.1
DSAU,BACHARELADO EM PSICOLOGIA,,,Voluntario,2023.1
DSAU,BACHARELADO EM PSICOLOGIA,,,Voluntario,2023.1
DSAU,ENFERMAGEM,,,Voluntario,2023.1
DSAU,ENFERMAGEM,,,Voluntario,2023.1
DSAU,ENFERMAGEM,,,Voluntario,2023.1
DSAU,ODONTOLOGIA,,,Voluntario,2023.1
DSAU,BACHARELADO EM MEDICINA,,,Voluntario,2023.1
DSAU,BACHARELADO EM MEDICINA,,,Voluntario,2023.1
DSAU,BACHARELADO EM MEDICINA,,,Voluntario,2023.1
DSAU,BACHARELADO EM MEDICINA,,,Voluntario,2023.1
DSAU,BACHARELADO EM MEDICINA,,,Voluntario,2023.1
DSAU,BACHARELADO EM MEDICINA,,,Voluntario,2023.1
DSAU,BACHARELADO EM MEDICINA,,,Voluntario,2023.1
DSAU,BACHARELADO EM MEDICINA,,,Voluntario,2023.1
DSAU,BACHARELADO EM FARMÁCIA,,,Voluntario,2023.1
DSAU,BACHARELADO EM FARMÁCIA,,,Voluntario,2023.1
DSAU,LICENCIATURA EM EDUCAÇÃO FÍSICA,,,Voluntario,2023.1
DSAU,ODONTOLOGIA,,,Voluntario,2023.1
DSAU,ODONTOLOGIA,,,Voluntario,2023.1
DSAU,ODONTOLOGIA,,,Voluntario,2023.1
DSAU,ODONTOLOGIA,,,Voluntario,2023.1
DSAU,BACHARELADO EM MEDICINA,,,Voluntario,2023.1
DSAU,BACHARELADO EM FARMÁCIA,,,Voluntario,2023.1
DSAU,ODONTOLOGIA,,,Voluntario,2023.1
DSAU,BACHARELADO EM MEDICINA,,,Voluntario,2023.1
DSAU,ODONTOLOGIA,,,Voluntario,2023.1
DSAU,ODONTOLOGIA,,,Voluntario,2023.1
DSAU,BACHARELADO EM MEDICINA,,,Voluntario,2023.1
DSAU,BACHARELADO EM FARMÁCIA,,,Voluntario,2023.1
DSAU,BACHARELADO EM MEDICINA,,,Voluntario,2023.1
DSAU,BACHARELADO EM MEDICINA,,,Voluntario,2023.1
DSAU,ODONTOLOGIA,,,Voluntario,2023.1
DSAU,ODONTOLOGIA,,,Voluntario,2023.1
DSAU,ODONTOLOGIA,,,Voluntario,2023.1
DSAU,ODONTOLOGIA,,,Voluntario,2023.1
DSAU,BACHARELADO EM FARMÁCIA,,,Voluntario,2023.1
DSAU,BACHARELADO EM FARMÁCIA,,,Voluntario,2023.1
DSAU,BACHARELADO EM FARMÁCIA,,,Voluntario,2023.1
DSAU,BACHARELADO EM FARMÁCIA,,,Voluntario,2023.1
DSAU,BACHARELADO EM MEDICINA,,,Voluntario,2023.1
DSAU,BACHARELADO EM MEDICINA,,,Voluntario,2023.1
DSAU,BACHARELADO EM MEDICINA,,,Voluntario,2023.1
DSAU,BACHARELADO EM FARMÁCIA,,,Voluntario,2023.1
DCBIO,BACHARELADO EM FARMÁCIA,,,Voluntario,2023.1
DCBIO,ODONTOLOGIA,,,Voluntario,2023.1
DCBIO,ODONTOLOGIA,,,Voluntario,2023.1
DCBIO,LICENCIATURA EM CIÊNCIAS BIOLÓGICAS,,,Voluntario,2023.1
DCBIO,LICENCIATURA EM CIÊNCIAS BIOLÓGICAS,,,Voluntario,2023.1
DCBIO,LICENCIATURA EM CIÊNCIAS BIOLÓGICAS,,,Voluntario,2023.1
DCBIO,BACHARELADO EM AGRONOMIA,,,Voluntario,2023.1
DCBIO,ODONTOLOGIA,,,Voluntario,2023.1
DCBIO,BACHARELADO EM AGRONOMIA,,,Voluntario,2023.1
DCBIO,BACHARELADO EM AGRONOMIA,,,Voluntario,2023.1
DCBIO,BACHARELADO EM AGRONOMIA,,,Voluntario,2023.1
DCBIO,BACHARELADO EM AGRONOMIA,,,Voluntario,2023.1
DCBIO,LICENCIATURA EM CIÊNCIAS BIOLÓGICAS,,,Voluntario,2023.1
DCBIO,LICENCIATURA EM EDUCAÇÃO FÍSICA,,,Voluntario,2023.1
DCBIO,LICENCIATURA EM EDUCAÇÃO FÍSICA,,,Voluntario,2023.1
DCBIO,LICENCIATURA EM EDUCAÇÃO FÍSICA,,,Voluntario,2023.1
DCBIO,ODONTOLOGIA,,,Voluntario,2023.1
DCBIO,BACHARELADO EM AGRONOMIA,,,Voluntario,2023.1
DCBIO,BACHARELADO EM AGRONOMIA,,,Voluntario,2023.1
DCBIO,BACHARELADO EM CIÊNCIAS BIOLÓGICAS,,,Voluntario,2023.1
DCBIO,BACHARELADO EM FARMÁCIA,,,Voluntario,2023.1
DCBIO,ODONTOLOGIA,,,Voluntario,2023.1
DCBIO,ODONTOLOGIA,,,Voluntario,2023.1
DCBIO,BACHARELADO EM FARMÁCIA,,,Voluntario,2023.1
DCBIO,BACHARELADO EM FARMÁCIA,,,Voluntario,2023.1
DCBIO,ODONTOLOGIA,,,Voluntario,2023.1
DCBIO,BACHARELADO EM CIÊNCIAS BIOLÓGICAS,,,Voluntario,2023.1
DCBIO,BACHARELADO EM AGRONOMIA,,,Voluntario,2023.1
DCHF,LICENCIATURA EM HISTÓRIA,,,Voluntario,2023.1
DCHF,LICENCIATURA EM PEDAGOGIA,,,Voluntario,2023.1
DCHF,LICENCIATURA EM PEDAGOGIA,,,Voluntario,2023.1
DCHF,LICENCIATURA EM PEDAGOGIA,,,Voluntario,2023.1
DCHF,BACHARELADO EM PSICOLOGIA,,,Voluntario,2023.1
DCHF,BACHARELADO EM PSICOLOGIA,,,Voluntario,2023.1
DCHF,BACHARELADO EM PSICOLOGIA,,,Voluntario,2023.1
DCHF,BACHARELADO EM PSICOLOGIA,,,Voluntario,2023.1
DCHF,BACHARELADO EM DIREITO,,,Voluntario,2023.1
DCHF,BACHARELADO EM DIREITO,,,Voluntario,2023.1
DCHF,BACHARELADO EM GEOGRAFIA,,,Voluntario,2023.1
DCHF,GEOGRAFIA,,,Voluntario,2023.1
DCHF,GEOGRAFIA,,,Voluntario,2023.1
DCHF,GEOGRAFIA,,,Voluntario,2023.1
DCHF,LICENCIATURA EM HISTÓRIA,,,Voluntario,2023.1
DCHF,LICENCIATURA EM HISTÓRIA,,,Voluntario,2023.1
DCHF,BACHARELADO EM PSICOLOGIA,,,Voluntario,2023.1
DCHF,BACHARELADO EM PSICOLOGIA,,,Voluntario,2023.1
DCHF,BACHARELADO EM PSICOLOGIA,,,Voluntario,2023.1
DCHF,BACHARELADO EM PSICOLOGIA,,,Voluntario,2023.1
DCHF,LICENCIATURA EM GEOGRAFIA,,,Voluntario,2023.1
DCHF,BACHARELADO EM PSICOLOGIA,,,Voluntario,2023.1
DCHF,BACHARELADO EM PSICOLOGIA,,,Voluntario,2023.1
DCHF,BACHARELADO EM PSICOLOGIA,,,Voluntario,2023.1
DCHF,BACHARELADO EM PSICOLOGIA,,,Voluntario,2023.1
DCHF,BACHARELADO EM PSICOLOGIA,,,Voluntario,2023.1
DCHF,BACHARELADO EM PSICOLOGIA,,,Voluntario,2023.1
DCHF,BACHARELADO EM PSICOLOGIA,,,Voluntario,2023.1
DCHF,BACHARELADO EM PSICOLOGIA,,,Voluntario,2023.1
DCHF,GEOGRAFIA,,,Voluntario,2023.1
DCHF,BACHARELADO EM GEOGRAFIA,,,Voluntario,2023.1
DCHF,BACHARELADO EM PSICOLOGIA,,,Voluntario,2023.1
DCHF,BACHARELADO EM PSICOLOGIA,,,Voluntario,2023.1
DCHF,BACHARELADO EM PSICOLOGIA,,,Voluntario,2023.1
DCHF,BACHARELADO EM PSICOLOGIA,,,Voluntario,2023.1
DCHF,BACHARELADO EM PSICOLOGIA,,,Voluntario,2023.1
DCHF,BACHARELADO EM PSICOLOGIA,,,Voluntario,2023.1
DCHF,BACHARELADO EM PSICOLOGIA,,,Voluntario,2023.1
DCHF,BACHARELADO EM PSICOLOGIA,,,Voluntario,2023.1
DCHF,BACHARELADO EM PSICOLOGIA,,,Voluntario,2023.1
DCHF,BACHARELADO EM PSICOLOGIA,,,Voluntario,2023.1
DCHF,BACHARELADO EM PSICOLOGIA,,,Voluntario,2023.1
DCHF,BACHARELADO EM PSICOLOGIA,,,Voluntario,2023.1
DCHF,BACHARELADO EM PSICOLOGIA,,,Voluntario,2023.1
DCHF,BACHARELADO EM PSICOLOGIA,,,Voluntario,2023.1
DEXA,BACHARELADO EM ENGENHARIA CIVIL,,,Voluntario,2023.1
DEXA,BACHARELADO EM ENGENHARIA CIVIL,,,Voluntario,2023.1
DEXA,BACHARELADO EM ENGENHARIA CIVIL,,,Voluntario,2023.1
DEXA,LICENCIATURA EM MATEMÁTICA,,,Voluntario,2023.1
DEXA,BACHARELADO EM ENGENHARIA DE ALIMENTOS,,,Voluntario,2023.1
DEXA,BACHARELADO EM ENGENHARIA DE ALIMENTOS,,,Voluntario,2023.1
DEXA,BACHARELADO EM AGRONOMIA,,,Voluntario,2023.1
DEXA,LICENCIATURA EM GEOGRAFIA,,,Voluntario,2023.1
DEXA,LICENCIATURA EM FÍSICA,,,Voluntario,2023.1
DEXA,ENGENHARIA DA COMPUTAÇÃO,,,Voluntario,2023.1
DEXA,ENGENHARIA DA COMPUTAÇÃO,,,Voluntario,2023.1
DEXA,ENGENHARIA DA COMPUTAÇÃO,,,Voluntario,2023.1
DEXA,BACHARELADO EM ENGENHARIA CIVIL,,,Voluntario,2023.1
DEXA,LICENCIATURA EM FÍSICA,,,Voluntario,2023.1
DEXA,LICENCIATURA EM MATEMÁTICA,,,Voluntario,2023.1
DEXA,LICENCIATURA EM MATEMÁTICA,,,Voluntario,2023.1
DEXA,LICENCIATURA EM MATEMÁTICA,,,Voluntario,2023.1
DEXA,LICENCIATURA EM MATEMÁTICA,,,Voluntario,2023.1
DEXA,LICENCIATURA EM QUÍMICA,,,Voluntario,2023.1
DEXA,LICENCIATURA EM QUÍMICA,,,Voluntario,2023.1
DEXA,LICENCIATURA EM QUÍMICA,,,Voluntario,2023.1
DEXA,LICENCIATURA EM QUÍMICA,,,Voluntario,2023.1
DEXA,LICENCIATURA EM QUÍMICA,,,Voluntario,2023.1
DEXA,LICENCIATURA EM QUÍMICA,,,Voluntario,2023.1
DEXA,LICENCIATURA EM MATEMÁTICA,,,Voluntario,2023.1
DEXA,BACHARELADO EM AGRONOMIA,,,Voluntario,2023.1
DEXA,BACHARELADO EM FÍSICA,,,Voluntario,2023.1
DEXA,BACHARELADO EM ENGENHARIA CIVIL,,,Voluntario,2023.1
DEXA,LICENCIATURA EM QUÍMICA,,,Voluntario,2023.1
DEXA,LICENCIATURA EM QUÍMICA,,,Voluntario,2023.1
DEXA,LICENCIATURA EM QUÍMICA,,,Voluntario,2023.1
DEXA,BACHARELADO EM FARMÁCIA,,,Voluntario,2023.1
DEXA,BACHARELADO EM ENGENHARIA CIVIL,,,Voluntario,2023.1
DEXA,BACHARELADO EM ENGENHARIA CIVIL,,,Voluntario,2023.1
DEXA,BACHARELADO EM ENGENHARIA CIVIL,,,Voluntario,2023.1
DEXA,BACHARELADO EM ENGENHARIA CIVIL,,,Voluntario,2023.1
DEXA,BACHARELADO EM ENGENHARIA CIVIL,,,Voluntario,2023.1
DEXA,BACHARELADO EM ENGENHARIA CIVIL,,,Voluntario,2023.1
DEXA,BACHARELADO EM ENGENHARIA CIVIL,,,Voluntario,2023.1
DEXA,BACHARELADO EM ENGENHARIA CIVIL,,,Voluntario,2023.1
DEXA,LICENCIATURA EM QUÍMICA,,,Voluntario,2023.1
DTEC,ENGENHARIA DE COMPUTAÇÃO,,,Voluntario,2023.1
DTEC,ENGENHARIA DE COMPUTAÇÃO,,,Voluntario,2023.1
DTEC,BACHARELADO EM ENGENHARIA DE ALIMENTOS,,,Voluntario,2023.1
DTEC,BACHARELADO EM AGRONOMIA,,,Voluntario,2023.1
DTEC,BACHARELADO EM AGRONOMIA,,,Voluntario,2023.1
DTEC,BACHARELADO EM ENGENHARIA CIVIL,,,Voluntario,2023.1
DTEC,BACHARELADO EM AGRONOMIA,,,Voluntario,2023.1
DTEC,BACHARELADO EM AGRONOMIA,,,Voluntario,2023.1
DTEC,BACHARELADO EM AGRONOMIA,,,Voluntario,2023.1
DTEC,BACHARELADO EM ENGENHARIA DE ALIMENTOS,,,Voluntario,2023.1
DTEC,BACHARELADO EM AGRONOMIA,,,Voluntario,2023.1
DTEC,BACHARELADO EM ENGENHARIA CIVIL,,,Voluntario,2023.1
DTEC,BACHARELADO EM ENGENHARIA CIVIL,,,Voluntario,2023.1
DTEC,BACHARELADO EM AGRONOMIA,,,Voluntario,2023.1
DTEC,BACHARELADO EM AGRONOMIA,,,Voluntario,2023.1
DTEC,BACHARELADO EM ENGENHARIA CIVIL,,,Voluntario,2023.1
DFIS,BACHARELADO EM FÍSICA,,,Voluntario,2023.1
DFIS,LICENCIATURA EM FÍSICA,,,Voluntario,2023.1
DLA,LICENCIATURA EM LETRAS VERNACULAS,,,Voluntario,2023.1
DLA,BACHARELADO EM ENGENHARIA CIVIL,,,Voluntario,2023.1
DLA,BACHARELADO EM ENGENHARIA CIVIL,,,Voluntario,2023.1
DLA,BACHARELADO EM ENGENHARIA CIVIL,,,Voluntario,2023.1
DLA,LICENCIATURA EM LETRAS - INGLÊS,,,Voluntario,2023.1
DLA,LICENCIATURA EM LETRAS - INGLÊS,,,Voluntario,2023.1
DLA,LICENCIATURA EM LETRAS - INGLÊS,,,Voluntario,2023.1
DLA,LICENCIATURA EM LETRAS - INGLÊS,,,Voluntario,2023.1
DLA,LICENCIATURA EM LETRAS COM LÍNGUA INGLESA,,,Voluntario,2023.1
DLA,LICENCIATURA EM LETRAS - INGLÊS,,,Voluntario,2023.1
DLA,BACHARELADO EM ENGENHARIA DE ALIMENTOS,,,Voluntario,2023.1
DLA,BACHARELADO EM ENGENHARIA DE ALIMENTOS,,,Voluntario,2023.1
DLA,LICENCIATURA EM LETRAS COM LÍNGUA INGLESA,,,Voluntario,2023.1
DCIS,CIÊNCIAS ECONÔMICAS,,,Voluntario,2023.1
DCIS,BACHARELADO EM DIREITO,,,Voluntario,2023.1
DCIS,BACHARELADO EM DIREITO,,,Voluntario,2023.1
DCIS,CIÊNCIAS ECONÔMICAS,,,Voluntario,2023.1
DCIS,CIÊNCIAS ECONÔMICAS,,,Voluntario,2023.1
DCIS,CIÊNCIAS ECONÔMICAS,,,Voluntario,2023.1
DCIS,BACHARELADO EM AGRONOMIA,,,Voluntario,2023.1
DCIS,BACHARELADO EM DIREITO,,,Voluntario,2023.1
DCIS,BACHARELADO EM DIREITO,,,Voluntario,2023.1
DCIS,BACHARELADO EM DIREITO,,,Voluntario,2023.1
DCIS,BACHARELADO EM DIREITO,,,Voluntario,2023.1
DCIS,BACHARELADO EM DIREITO,,,Voluntario,2023.1
DCIS,BACHARELADO EM DIREITO,,,Voluntario,2023.1
DCIS,BACHARELADO EM DIREITO,,,Voluntario,2023.1
DCIS,BACHARELADO EM DIREITO,,,Voluntario,2023.1
DCIS,BACHARELADO EM DIREITO,,,Voluntario,2023.1
DCIS,CIÊNCIAS ECONÔMICAS,,,Voluntario,2023.1
DCIS,CIÊNCIAS ECONÔMICAS,,,Voluntario,2023.1
DCIS,CIÊNCIAS ECONÔMICAS,,,Voluntario,2023.1
DCIS,BACHARELADO EM DIREITO,,,Voluntario,2023.1
DCIS,BACHARELADO EM DIREITO,,,Voluntario,2023.1
DCIS,BACHARELADO EM DIREITO,,,Voluntario,2023.1
DCIS,BACHARELADO EM DIREITO,,,Voluntario,2023.1
DEDU,LICENCIATURA EM GEOGRAFIA,,,Voluntario,2023.1
DEDU,LICENCIATURA EM GEOGRAFIA,,,Voluntario,2023.1
DEDU,LICENCIATURA EM LETRAS - INGLÊS,,,Voluntario,2023.1
DSAU,Odontologia,,,Voluntario,2024.2
DSAU,Enfermagem,,,Voluntario,2024.2
DSAU,Farmácia,,,Voluntario,2024.2
DSAU,Farmácia,,,Voluntario,2024.2
DSAU,Odontologia,,,Voluntario,2024.2
DSAU,Odontologia,,,Voluntario,2024.2
DSAU,Odontologia,,,Voluntario,2024.2
DSAU,Odontologia,,,Voluntario,2024.2
DSAU,Medicina,,,Voluntario,2024.2
DSAU,Odontologia,,,Voluntario,2024.2
DSAU,Bacharelado em Psicologia,,,Voluntario,2024.2
DSAU,Bacharelado em Farmácia,,,Voluntario,2024.2
DSAU,Odontologia,,,Voluntario,2024.2
DSAU,Odontologia,,,Voluntario,2024.2
DSAU,Medicina,,,Voluntario,2024.2
DSAU,Medicina,,,Voluntario,2024.2
DSAU,Medicina,,,Voluntario,2024.2
DSAU,Odontologia,,,Voluntario,2024.2
DSAU,Odontologia,,,Voluntario,2024.2
DSAU,Odontologia,,,Voluntario,2024.2
DSAU,Medicina,,,Voluntario,2024.2
DSAU,Odontologia,,,Voluntario,2024.2
DSAU,Farmácia,,,Voluntario,2024.2
DSAU,Farmácia,,,Voluntario,2024.2
DSAU,Odontologia,,,Voluntario,2024.2
DSAU,Odontologia,,,Voluntario,2024.2
DSAU,Odontologia,,,Voluntario,2024.2
DSAU,Odontologia,,,Voluntario,2024.2
DSAU,Medicina,,,Voluntario,2024.2
DSAU,Odontologia,,,Voluntario,2024.2
DSAU,Odontologia,,,Voluntario,2024.2
DSAU,Medicina,,,Voluntario,2024.2
DSAU,Medicina,,,Voluntario,2024.2
DSAU,Medicina,,,Voluntario,2024.2
DSAU,Odontologia,,,Voluntario,2024.2
DSAU,Odontologia,,,Voluntario,2024.2
DSAU,Medicina,,,Voluntario,2024.2
DSAU,Farmácia,,,Voluntario,2024.2
DSAU,Farmácia,,,Voluntario,2024.2
DSAU,Bacharelado em Psicologia,,,Voluntario,2024.2
DSAU,Bacharelado em Psicologia,,,Voluntario,2024.2
DSAU,Odontologia,,,Voluntario,2024.2
DSAU,Odontologia,,,Voluntario,2024.2
DSAU,Odontologia,,,Voluntario,2024.2
DSAU,Odontologia,,,Voluntario,2024.2
DSAU,Odontologia,,,Voluntario,2024.2
DSAU,Odontologia,,,Voluntario,2024.2
DSAU,Odontologia,,,Voluntario,2024.2
DSAU,Odontologia,,,Voluntario,2024.2
DSAU,Medicina,,,Voluntario,2024.2
DSAU,Medicina,,,Voluntario,2024.2
DSAU,Bacharelado em Psicologia,,,Voluntario,2024.2
DSAU,Medicina,,,Voluntario,2024.2
DSAU,Medicina,,,Voluntario,2024.2
DSAU,Medicina,,,Voluntario,2024.2
DSAU,Farmácia,,,Voluntario,2024.2
DSAU,Farmácia,,,Voluntario,2024.2
DSAU,Enfermagem,,,Voluntario,2024.2
DSAU,Enfermagem,,,Voluntario,2024.2
DSAU,Medicina,,,Voluntario,2024.2
DSAU,Medicina,,,Voluntario,2024.2
DSAU,Odontologia,,,Voluntario,2024.2
DSAU,Odontologia,,,Voluntario,2024.2
DSAU,Odontologia,,,Voluntario,2024.2
DSAU,Odontologia,,,Voluntario,2024.2
DSAU,Medicina,,,Voluntario,2024.2
DSAU,Farmácia,,,Voluntario,2024.2
DSAU,Farmácia,,,Voluntario,2024.2
DSAU,Odontologia,,,Voluntario,2024.2
DSAU,Odontologia,,,Voluntario,2024.2
DSAU,Odontologia,,,Voluntario,2024.2
DSAU,Odontologia,,,Voluntario,2024.2
DSAU,Odontologia,,,Voluntario,2024.2
DSAU,Odontologia,,,Voluntario,2024.2
DSAU,Odontologia,,,Voluntario,2024.2
DSAU,Odontologia,,,Voluntario,2024.2
DSAU,Enfermagem,,,Voluntario,2024.2
DSAU,Enfermagem,,,Voluntario,2024.2
DSAU,Farmácia,,,Voluntario,2024.2
DSAU,Medicina,,,Voluntario,2024.2
DSAU,Medicina,,,Voluntario,2024.2
DSAU,Odontologia,,,Voluntario,2024.2
DSAU,Odontologia,,,Voluntario,2024.2
DSAU,Medicina,,,Voluntario,2024.2
DSAU,Medicina,,,Voluntario,2024.2
DSAU,Medicina,,,Voluntario,2024.2
DCBIO,Farmácia,,,Voluntario,2024.2
DCBIO,Licenciatura em Ciências Biológicas,,,Voluntario,2024.2
DCBIO,Enfermagem,,,Voluntario,2024.2
DCBIO,Odontologia,,,Voluntario,2024.2
DCBIO,Odontologia,,,Voluntario,2024.2
DCBIO,Bacharelado em Agronomia,,,Voluntario,2024.2
DCBIO,Bacharelado em Ciências Biológicas,,,Voluntario,2024.2
DCBIO,Odontologia,,,Voluntario,2024.2
DCBIO,Licenciatura em Ciências Biológicas,,,Voluntario,2024.2
DCBIO,Bacharelado em Agronomia,,,Voluntario,2024.2
DCBIO,Bacharelado em Ciências Biológicas,,,Voluntario,2024.2
DCBIO,Bacharelado em Agronomia,,,Voluntario,2024.2
DCBIO,Farmácia,,,Voluntario,2024.2
DCBIO,Odontologia,,,Voluntario,2024.2
DCBIO,Bacharelado em Agronomia,,,Voluntario,2024.2
DCBIO,Bacharelado em Agronomia,,,Voluntario,2024.2
DCBIO,Bacharelado em Ciências Biológicas,,,Voluntario,2024.2
DCBIO,Bacharelado em Agronomia,,,Voluntario,2024.2
DCBIO,Bacharelado em Ciências Biológicas,,,Voluntario,2024.2
DCBIO,Enfermagem,,,Voluntario,2024.2
DCBIO,Enfermagem,,,Voluntario,2024.2
DCBIO, Licenciatura em Ciências Biológicas,,,Voluntario,2024.2
DCBIO,Bacharelado em Agronomia,,,Voluntario,2024.2
DCBIO,Farmácia,,,Voluntario,2024.2
DCBIO, Licenciatura em Ciências Biológicas,,,Voluntario,2024.2
DCBIO,Bacharelado  em Farmácia,,,Voluntario,2024.2
DCBIO,Bacharelado em Agronomia,,,Voluntario,2024.2
DCBIO,Odontologia,,,Voluntario,2024.2
DCBIO,Odontologia,,,Voluntario,2024.2
DCBIO,Farmácia,,,Voluntario,2024.2
DCBIO,Bacharelado em Agronomia,,,Voluntario,2024.2
DCBIO,Odontologia,,,Voluntario,2024.2
DCBIO,Bacharelado em Ciências Biológicas,,,Voluntario,2024.2
DCHF,Licenciatura em História,,,Voluntario,2024.2
DCHF,Licenciatura e Bacharelado em Geografia,,,Voluntario,2024.2
DCHF,Licenciatura e Bacharelado em Geografia,,,Voluntario,2024.2
DCHF,Bacharelado em Psicologia,,,Voluntario,2024.2
DCHF,Geografia,,,Voluntario,2024.2
DCHF,Bacharelado em Direito,,,Voluntario,2024.2
DCHF,Bacharelado em Geografia,,,Voluntario,2024.2
DCHF,Bacharelado em Psicologia,,,Voluntario,2024.2
DCHF,Bacharelado em Psicologia,,,Voluntario,2024.2
DCHF,Bacharelado em Psicologia,,,Voluntario,2024.2
DCHF,Licenciatura em Geografia,,,Voluntario,2024.2
DCHF,Bacharelado em Psicologia,,,Voluntario,2024.2
DCHF,Bacharelado em Psicologia,,,Voluntario,2024.2
DCHF,Bacharelado em Psicologia,,,Voluntario,2024.2
DCHF,Bacharelado em Psicologia,,,Voluntario,2024.2
DCHF,Licenciatura em História,,,Voluntario,2024.2
DCHF,Bacharelado em Psicologia,,,Voluntario,2024.2
DCHF,Bacharelado em Psicologia,,,Voluntario,2024.2
DCHF,Bacharelado em Psicologia,,,Voluntario,2024.2
DCHF,Bacharelado em Psicologia,,,Voluntario,2024.2
DCHF,Bacharelado em Psicologia,,,Voluntario,2024.2
DCHF,Bacharelado em Psicologia,,,Voluntario,2024.2
DCHF,Bacharelado em Psicologia,,,Voluntario,2024.2
DCHF,Bacharelado em Psicologia,,,Voluntario,2024.2
DCHF,Bacharelado em Psicologia,,,Voluntario,2024.2
DCHF,Bacharelado em Psicologia,,,Voluntario,2024.2
DCHF,Bacharelado em Psicologia,,,Voluntario,2024.2
DCHF,Bacharelado em Psicologia,,,Voluntario,2024.2
DCHF,Bacharelado em Psicologia,,,Voluntario,2024.2
DCHF,Bacharelado em Psicologia,,,Voluntario,2024.2
DCHF,Bacharelado em Psicologia,,,Voluntario,2024.2
DCHF,Bacharelado em Psicologia,,,Voluntario,2024.2
DCHF,Bacharelado em Psicologia,,,Voluntario,2024.2
DCHF,Bacharelado em Psicologia,,,Voluntario,2024.2
DCHF,Licenciatura em Geografia,,,Voluntario,2024.2
DCHF,Bacharelado em Geografia,,,Voluntario,2024.2
DCHF,Licenciatura em Geografia,,,Voluntario,2024.2
DCHF,Geografia,,,Voluntario,2024.2
DCHF,Bacharelado em Geografia,,,Voluntario,2024.2
DCHF,Licenciatura em Geografia,,,Voluntario,2024.2
DCHF,Licenciatura em Geografia,,,Voluntario,2024.2
DEXA,Engenharia Civil,,,Voluntario,2024.2
DEXA,Engenharia Civil,,,Voluntario,2024.2
DEXA,Licenciatura em Matemática,,,Voluntario,2024.2
DEXA,Licenciatura em Matemática,,,Voluntario,2024.2
DEXA,Licenciatura em Química,,,Voluntario,2024.2
DEXA,Licenciatura em Química,,,Voluntario,2024.2
DEXA,Licenciatura em Química,,,Voluntario,2024.2
DEXA,Licenciatura em Química,,,Voluntario,2024.2
DEXA,Engenharia de Alimentos,,,Voluntario,2024.2
DEXA,Engenharia de Alimentos,,,Voluntario,2024.2
DEXA,Engenharia de Alimentos,,,Voluntario,2024.2
DEXA,Engenharia Civil,,,Voluntario,2024.2
DEXA,Engenharia Civil,,,Voluntario,2024.2
DEXA,Farmácia,,,Voluntario,2024.2
DEXA,Engenharia Civil,,,Voluntario,2024.2
DEXA,Licenciatura em Matemática,,,Voluntario,2024.2
DEXA,Licenciatura em Química,,,Voluntario,2024.2
DEXA,Licenciatura em Matemática,,,Voluntario,2024.2
DEXA,Licenciatura em Química,,,Voluntario,2024.2
DEXA,Licenciatura em Química,,,Voluntario,2024.2
DEXA,Licenciatura em Química,,,Voluntario,2024.2
DEXA,Licenciatura em Física,,,Voluntario,2024.2
DEXA,Licenciatura em Química,,,Voluntario,2024.2
DEXA,Bacharelado em Engenharia Civil,,,Voluntario,2024.2
DEXA,Licenciatura em Matemática,,,Voluntario,2024.2
DEXA,Licenciatura em Química,,,Voluntario,2024.2
DEXA,Bacharelado em Engenharia Civil,,,Voluntario,2024.2
DEXA,Licenciatura em Física,,,Voluntario,2024.2
DEXA,Licenciatura em Química,,,Voluntario,2024.2
DEXA,Bacharelado em Agronomia,,,Voluntario,2024.2
DEXA,Licenciatura em Química,,,Voluntario,2024.2
DEXA,Bacharelado em Engenharia Civil,,,Voluntario,2024.2
DEXA,Engenharia de Computação,,,Voluntario,2024.2
DEXA,Engenharia de Computação,,,Voluntario,2024.2
DEXA,Bacharelado em Agronomia,,,Voluntario,2024.2
DEXA,Bacharelado em Agronomia,,,Voluntario,2024.2
DEXA,Licenciatura em Matemática,,,Voluntario,2024.2
DEXA,Bacharelado em Engenharia Civil,,,Voluntario,2024.2
DEXA,Licenciatura em Química,,,Voluntario,2024.2
DEXA,Licenciatura em Química,,,Voluntario,2024.2
DEXA,Licenciatura em Química,,,Voluntario,2024.2
DEXA,Farmácia,,,Voluntario,2024.2
DEXA,Farmácia,,,Voluntario,2024.2
DEXA,Farmácia,,,Voluntario,2024.2
DEXA,Licenciatura em Química,,,Voluntario,2024.2
DEXA,Licenciatura em Química,,,Voluntario,2024.2
DEXA,Bacharelado em Agronomia,,,Voluntario,2024.2
DEXA,Licenciatura em Geografia,,,Voluntario,2024.2
DEXA,Geografia,,,Voluntario,2024.2
DEXA,Bacharelado em Engenharia Civil,,,Voluntario,2024.2
DEXA,Bacharelado em Engenharia Civil,,,Voluntario,2024.2
DEXA,Bacharelado em Engenharia Civil,,,Voluntario,2024.2
DEXA,Bacharelado em Engenharia Civil,,,Voluntario,2024.2
DEXA,Bacharelado em Engenharia Civil,,,Voluntario,2024.2
DEXA,Farmácia,,,Voluntario,2024.2
DTEC,Engenharia da Computação,,,Voluntario,2024.2
DTEC,Engenharia da Computação,,,Voluntario,2024.2
DTEC,Engenharia de Alimentos,,,Voluntario,2024.2
DTEC,Engenharia de Alimentos,,,Voluntario,2024.2
DTEC,Bacharelado em Engenharia Civil,,,Voluntario,2024.2
DTEC,Bacharelado em Engenharia Civil,,,Voluntario,2024.2
DTEC,Engenharia de Alimentos,,,Voluntario,2024.2
DTEC,Agronomia,,,Voluntario,2024.2
DFIS,Bacharelado em Engenharia de Alimentos,,,Voluntario,2024.2
DFIS,Bacharelado em Física,,,Voluntario,2024.2
DLA,Licenciatura em Letras com Inglês,,,Voluntario,2024.2
DLA,Licenciatura em Letras com Inglês,,,Voluntario,2024.2
DLA,Licenciatura em Letras com Inglês,,,Voluntario,2024.2
DLA,Bacharelado em Engenharia Civil,,,Voluntario,2024.2
DLA,Bacharelado em Engenharia Civil,,,Voluntario,2024.2
DLA,Licenciatura em Letras - Inglês,,,Voluntario,2024.2
DLA,Licenciatura em Letras - Inglês,,,Voluntario,2024.2
DLA,Bacharelado em Engenharia Civil,,,Voluntario,2024.2
DLA,Licenciatura em Letras - Inglês,,,Voluntario,2024.2
DLA,Licenciatura em Letras - Inglês,,,Voluntario,2024.2
DLA,Licenciatura em Letras - Inglês,,,Voluntario,2024.2
DLA,Licenciatura em Letras - Inglês,,,Voluntario,2024.2
DLA,Licenciatura em Música,,,Voluntario,2024.2
DLA,Licenciatura em Matemática,,,Voluntario,2024.2
DLA,Licenciatura em Matemática,,,Voluntario,2024.2
DLA,Bacharelado em Engenharia Civil,,,Voluntario,2024.2
DLA,Bacharelado em Agronomia,,,Voluntario,2024.2
DLA,Licenciatura em Letras - Língua Portuguesa,,,Voluntario,2024.2
DLA,Licenciatura em Letras - Língua Portuguesa,,,Voluntario,2024.2
DCIS,Ciências Econômicas,,,Voluntario,2024.2
DCIS,Direito,,,Voluntario,2024.2
DCIS,Direito,,,Voluntario,2024.2
DCIS,Direito,,,Voluntario,2024.2
DCIS,Direito,,,Voluntario,2024.2
DCIS,Ciências Econômicas,,,Voluntario,2024.2
DCIS,Bacharelado em Agronomia,,,Voluntario,2024.2
DCIS,Direito,,,Voluntario,2024.2
DCIS,Direito,,,Voluntario,2024.2
DCIS,Ciências Econômicas,,,Voluntario,2024.2
DCIS,Direito,,,Voluntario,2024.2
DCIS,Direito,,,Voluntario,2024.2
DCIS,Direito,,,Voluntario,2024.2
DCIS,Direito,,,Voluntario,2024.2
DCIS,Direito,,,Voluntario,2024.2
DCIS,Direito,,,Voluntario,2024.2
DCIS,Direito,,,Voluntario,2024.2
DCIS,Direito,,,Voluntario,2024.2
DCIS,Direito,,,Voluntario,2024.2
DCIS,Direito,,,Voluntario,2024.2
DCIS,Direito,,,Voluntario,2024.2
DEDU,Letras - Língua Portuguesa,,,Voluntario,2024.2
DEDU,Licenciatura em Letras - Inglês,,,Voluntario,2024.2
DSAU,Medicina,,,Voluntario,2024.1
DSAU,Enfermagem,,,Voluntario,2024.1
DSAU,Enfermagem,,,Voluntario,2024.1
DSAU,Odontologia,,,Voluntario,2024.1
DSAU,Farmácia,,,Voluntario,2024.1
DSAU,Farmácia,,,Voluntario,2024.1
DSAU,Medicina,,,Voluntario,2024.1
DSAU,Odontologia,,,Voluntario,2024.1
DSAU,Odontologia,,,Voluntario,2024.1
DSAU,Odontologia,,,Voluntario,2024.1
DSAU,Medicina,,,Voluntario,2024.1
DSAU,Medicina,,,Voluntario,2024.1
DSAU,Medicina,,,Voluntario,2024.1
DSAU,Farmácia,,,Voluntario,2024.1
DSAU,Farmácia,,,Voluntario,2024.1
DSAU,Odontologia,,,Voluntario,2024.1
DSAU,Odontologia,,,Voluntario,2024.1
DSAU,Enfermagem,,,Voluntario,2024.1
DSAU,Odontologia,,,Voluntario,2024.1
DSAU,Odontologia,,,Voluntario,2024.1
DSAU,Odontologia,,,Voluntario,2024.1
DSAU,Medicina,,,Voluntario,2024.1
DSAU,Odontologia,,,Voluntario,2024.1
DSAU,Odontologia,,,Voluntario,2024.1
DSAU,Odontologia,,,Voluntario,2024.1
DSAU,Medicina,,,Voluntario,2024.1
DSAU,Medicina,,,Voluntario,2024.1
DSAU,Farmácia,,,Voluntario,2024.1
DSAU,Medicina,,,Voluntario,2024.1
DSAU,Medicina,,,Voluntario,2024.1
DSAU,Odontologia,,,Voluntario,2024.1
DSAU,Odontologia,,,Voluntario,2024.1
DSAU,Odontologia,,,Voluntario,2024.1
DSAU,Medicina,,,Voluntario,2024.1
DSAU,Enfermagem,,,Voluntario,2024.1
DSAU,Odontologia,,,Voluntario,2024.1
DSAU,Odontologia,,,Voluntario,2024.1
DSAU,Odontologia,,,Voluntario,2024.1
DSAU,Odontologia,,,Voluntario,2024.1
DSAU,Odontologia,,,Voluntario,2024.1
DSAU,Odontologia,,,Voluntario,2024.1
DSAU,Odontologia,,,Voluntario,2024.1
DSAU,Odontologia,,,Voluntario,2024.1
DSAU,Odontologia,,,Voluntario,2024.1
DSAU,Odontologia,,,Voluntario,2024.1
DSAU,Odontologia,,,Voluntario,2024.1
DSAU,Odontologia,,,Voluntario,2024.1
DSAU,Odontologia,,,Voluntario,2024.1
DSAU,Farmácia,,,Voluntario,2024.1
DSAU,Farmácia,,,Voluntario,2024.1
DSAU,Odontologia,,,Voluntario,2024.1
DSAU,Odontologia,,,Voluntario,2024.1
DSAU,Odontologia,,,Voluntario,2024.1
DSAU,Odontologia,,,Voluntario,2024.1
DSAU,Enfermagem,,,Voluntario,2024.1
DSAU,Medicina,,,Voluntario,2024.1
DCBIO,Ciências Biológicas,,,Voluntario,2024.1
DCBIO,Enfermagem,,,Voluntario,2024.1
DCBIO,Agronomia,,,Voluntario,2024.1
DCBIO,Educação Física,,,Voluntario,2024.1
DCBIO,Enfermagem,,,Voluntario,2024.1
DCBIO,Agronomia,,,Voluntario,2024.1
DCBIO,Licenciatura em Ciências Biológicas,,,Voluntario,2024.1
DCBIO,Odontologia,,,Voluntario,2024.1
DCBIO,Odontologia,,,Voluntario,2024.1
DCBIO,Odontologia,,,Voluntario,2024.1
DCBIO,Odontologia,,,Voluntario,2024.1
DCBIO,Odontologia,,,Voluntario,2024.1
DCBIO,Agronomia,,,Voluntario,2024.1
DCBIO,Agronomia,,,Voluntario,2024.1
DCBIO,Ciências Biológicas,,,Voluntario,2024.1
DCBIO,Agronomia,,,Voluntario,2024.1
DCBIO,Licenciatura em Ciências Biológicas,,,Voluntario,2024.1
DCBIO,Agronomia,,,Voluntario,2024.1
DCBIO,Licenciatura em Educação Física,,,Voluntario,2024.1
DCBIO,Educação Física,,,Voluntario,2024.1
DCBIO,Bacharelado em Ciências Biológicas,,,Voluntario,2024.1
DCBIO,Odontologia,,,Voluntario,2024.1
DCBIO,Educação Física,,,Voluntario,2024.1
DCHF,Letras – Língua Portuguesa,,,Voluntario,2024.1
DCHF,Psicologia ,,,Voluntario,2024.1
DCHF,Licenciatura em História,,,Voluntario,2024.1
DCHF,Psicologia ,,,Voluntario,2024.1
DCHF,Bacharelado em Geografia,,,Voluntario,2024.1
DCHF,Licenciatura em Geografia,,,Voluntario,2024.1
DCHF,Psicologia,,,Voluntario,2024.1
DCHF,Bacharelado em Geografia,,,Voluntario,2024.1
DCHF,Pedagogia,,,Voluntario,2024.1
DCHF,Direito,,,Voluntario,2024.1
DCHF,Psicologia ,,,Voluntario,2024.1
DCHF,Direito,,,Voluntario,2024.1
DCHF,Direito,,,Voluntario,2024.1
DCHF,Psicologia,,,Voluntario,2024.1
DCHF,Filosofia,,,Voluntario,2024.1
DCHF,Geografia,,,Voluntario,2024.1
DCHF,Licenciatura em História,,,Voluntario,2024.1
DCHF,Licenciatura em Geografia,,,Voluntario,2024.1
DCHF,Geografia,,,Voluntario,2024.1
DCHF,Odontologia,,,Voluntario,2024.1
DCHF,Odontologia,,,Voluntario,2024.1
DCHF,Psicologia,,,Voluntario,2024.1
DCHF,Psicologia,,,Voluntario,2024.1
DCHF,Psicologia,,,Voluntario,2024.1
DCHF,Psicologia,,,Voluntario,2024.1
DCHF,Psicologia,,,Voluntario,2024.1
DCHF,Psicologia,,,Voluntario,2024.1
DCHF,Psicologia,,,Voluntario,2024.1
DCHF,Psicologia,,,Voluntario,2024.1
DCHF,Psicologia,,,Voluntario,2024.1
DCHF,Psicologia,,,Voluntario,2024.1
DCHF,Psicologia,,,Voluntario,2024.1
DCHF,Psicologia,,,Voluntario,2024.1
DCHF,Psicologia,,,Voluntario,2024.1
DCHF,Psicologia,,,Voluntario,2024.1
DCHF,Licenciatura em Filosofia,,,Voluntario,2024.1
DCHF,Psicologia,,,Voluntario,2024.1
DEXA,Agronomia,,,Voluntario,2024.1
DEXA,Farmácia,,,Voluntario,2024.1
DEXA,Farmácia,,,Voluntario,2024.1
DEXA,Farmácia,,,Voluntario,2024.1
DEXA,Engenharia de Computação,,,Voluntario,2024.1
DEXA,Engenharia de Computação,,,Voluntario,2024.1
DEXA,Licenciatura em Química,,,Voluntario,2024.1
DEXA,Licenciatura em Química,,,Voluntario,2024.1
DEXA,Engenheira de Alimentos,,,Voluntario,2024.1
DEXA,Engenharia de Alimentos,,,Voluntario,2024.1
DEXA,Licenciatura em Química,,,Voluntario,2024.1
DEXA,Licenciatura em Matemática,,,Voluntario,2024.1
DEXA,Farmácia,,,Voluntario,2024.1
DEXA,Licenciatura em Matemática,,,Voluntario,2024.1
DEXA,Engenharia de Computação,,,Voluntario,2024.1
DEXA,Engenharia Civil,,,Voluntario,2024.1
DEXA,Licenciatura em Química,,,Voluntario,2024.1
DEXA,Engenharia de Computação,,,Voluntario,2024.1
DEXA,Licenciatura em Matemática,,,Voluntario,2024.1
DEXA,Engenharia da Computação,,,Voluntario,2024.1
DEXA,Engenharia da Computação,,,Voluntario,2024.1
DEXA,Engenharia da Computação,,,Voluntario,2024.1
DEXA,Bacharelado em Geografia,,,Voluntario,2024.1
DEXA,Licenciatura em Química,,,Voluntario,2024.1
DEXA,Bacharelado em Agronomia,,,Voluntario,2024.1
DEXA,Engenharia Civil,,,Voluntario,2024.1
DEXA,Agronomia,,,Voluntario,2024.1
DEXA,Farmácia,,,Voluntario,2024.1
DEXA,Farmácia,,,Voluntario,2024.1
DEXA,Licenciatura em Química,,,Voluntario,2024.1
DEXA,Licenciatura em Química,,,Voluntario,2024.1
DEXA,Engenharia Civil,,,Voluntario,2024.1
DEXA,Engenharia Civil,,,Voluntario,2024.1
DEXA,Agronomia,,,Voluntario,2024.1
DEXA,Licenciatura em Ciências Biológicas,,,Voluntario,2024.1
DEXA,Licenciatura em Ciências Biológicas,,,Voluntario,2024.1
DEXA,Licenciatura em Química,,,Voluntario,2024.1
DEXA,Agronomia,,,Voluntario,2024.1
DEXA,Engenharia Civil,,,Voluntario,2024.1
DEXA,Engenharia de Computação,,,Voluntario,2024.1
DEXA,Engenharia Civil,,,Voluntario,2024.1
DEXA,Engenharia Civil,,,Voluntario,2024.1
DEXA,Engenharia Civil,,,Voluntario,2024.1
DEXA,Engenharia Civil,,,Voluntario,2024.1
DEXA,Engenharia Civil,,,Voluntario,2024.1
DEXA,Engenharia Civil,,,Voluntario,2024.1
DTEC,Engenharia Civil,,,Voluntario,2024.1
DTEC,Engenharia de Alimentos,,,Voluntario,2024.1
DTEC,Agronomia,,,Voluntario,2024.1
DTEC,Engenharia Civil,,,Voluntario,2024.1
DTEC,Engenharia da Computação,,,Voluntario,2024.1
DFIS,Agronomia,,,Voluntario,2024.1
DLA,Letras - Língua Portuguesa,,,Voluntario,2024.1
DLA,Letras com Francês,,,Voluntario,2024.1
DLA,Letras - Português e Espanhol,,,Voluntario,2024.1
DLA,Letras – Língua Portuguesa,,,Voluntario,2024.1
DLA,Letras - Português e Espanhol,,,Voluntario,2024.1
DLA,Agronomia,,,Voluntario,2024.1
DLA,Pedagogia,,,Voluntario,2024.1
DLA,Pedagogia,,,Voluntario,2024.1
DLA,Pedagogia,,,Voluntario,2024.1
DLA,Matemática,,,Voluntario,2024.1
DLA,Licenciatura em Pedagogia,,,Voluntario,2024.1
DLA,Licenciatura em Letras - Português e Espanhol,,,Voluntario,2024.1
DLA,Letras: Inglês,,,Voluntario,2024.1
DCIS,Ciências Econômicas,,,Voluntario,2024.1
DCIS,Direito,,,Voluntario,2024.1
DCIS,Direito,,,Voluntario,2024.1
DCIS,Direito,,,Voluntario,2024.1
DCIS,Direito,,,Voluntario,2024.1
DCIS,Direito,,,Voluntario,2024.1
DCIS,Ciências Econômicas,,,Voluntario,2024.1
DCIS,Direito,,,Voluntario,2024.1
DCIS,Direito,,,Voluntario,2024.1
DCIS,Direito,,,Voluntario,2024.1
DCIS,Direito,,,Voluntario,2024.1
DCIS,Direito,,,Voluntario,2024.1
DCIS,Direito,,,Voluntario,2024.1
DCIS,Direito,,,Voluntario,2024.1
DCIS,Direito,,,Voluntario,2024.1
DCIS,Direito,,,Voluntario,2024.1
DCIS,Direito,,,Voluntario,2024.1
DCIS,Direito,,,Voluntario,2024.1
DCIS,Direito,,,Voluntario,2024.1
DCIS,Direito,,,Voluntario,2024.1
DCIS,Direito,,,Voluntario,2024.1
DCIS,Direito,,,Voluntario,2024.1
DCIS,Direito,,,Voluntario,2024.1
DEDU,Licenciatura em Geografia,,,Voluntario,2024.1
DEDU,Licenciatura em letras - Português e Espanhol,,,Voluntario,2024.1
DEDU,Pedagogia,,,Voluntario,2024.1
DEDU,Licenciatura em História,,,Voluntario,2024.1
DSAU,Odontologia,,,Voluntario,2025.2
DSAU,Enfermagem,,,Voluntario,2025.2
DSAU,Odontologia,,,Voluntario,2025.2
DSAU,Farmácia,,,Voluntario,2025.2
DSAU,Odontologia,,,Voluntario,2025.2
DSAU,Farmácia,,,Voluntario,2025.2
DSAU,Odontologia,,,Voluntario,2025.2
DSAU,Farmácia,,,Voluntario,2025.2
DSAU,Odontologia,,,Voluntario,2025.2
DSAU,Bacharelado em Farmácia,,,Voluntario,2025.2
DSAU,Medicina,,,Voluntario,2025.2
DSAU,Enfermagem,,,Voluntario,2025.2
DSAU,Medicina,,,Voluntario,2025.2
DSAU,Medicina,,,Voluntario,2025.2
DSAU,Medicina,,,Voluntario,2025.2
DSAU,Medicina,,,Voluntario,2025.2
DSAU,Farmácia,,,Voluntario,2025.2
DSAU,Farmácia,,,Voluntario,2025.2
DSAU,Farmácia,,,Voluntario,2025.2
DSAU,Enfermagem,,,Voluntario,2025.2
DSAU,Medicina,,,Voluntario,2025.2
DSAU,Odontologia,,,Voluntario,2025.2
DSAU,Medicina,,,Voluntario,2025.2
DSAU,Odontologia,,,Voluntario,2025.2
DSAU,Odontologia,,,Voluntario,2025.2
DSAU,Odontologia,,,Voluntario,2025.2
DSAU,Farmácia,,,Voluntario,2025.2
DSAU,Enfermagem,,,Voluntario,2025.2
DSAU,Odontologia,,,Voluntario,2025.2
DSAU,Farmácia,,,Voluntario,2025.2
DSAU,Medicina,,,Voluntario,2025.2
DSAU,Odontologia,,,Voluntario,2025.2
DSAU,Odontologia,,,Voluntario,2025.2
DSAU,Odontologia,,,Voluntario,2025.2
DSAU,Odontologia,,,Voluntario,2025.2
DSAU,Odontologia,,,Voluntario,2025.2
DSAU,Odontologia,,,Voluntario,2025.2
DSAU,Odontologia,,,Voluntario,2025.2
DSAU ,Odontologia,,,Voluntario,2025.2
DSAU ,Licenciatura em Educação Física,,,Voluntario,2025.2
DSAU ,Medicina,,,Voluntario,2025.2
DSAU 42,,,,Voluntario,2025.2
DCBIO,Odontologia,,,Voluntario,2025.2
DCBIO,Odontologia,,,Voluntario,2025.2
DCBIO,Odontologia,,,Voluntario,2025.2
DCBIO,Odontologia,,,Voluntario,2025.2
DCBIO,Odontologia,,,Voluntario,2025.2
DCBIO,Licenciatura em Ciências Biológica,,,Voluntario,2025.2
DCBIO,Licenciatura em Ciências Biológica,,,Voluntario,2025.2
DCBIO,Enfermagem,,,Voluntario,2025.2
DCBIO,Enfermagem,,,Voluntario,2025.2
DCBIO,Enfermagem,,,Voluntario,2025.2
DCBIO,Bacharelado em Odontologia,,,Voluntario,2025.2
DCBIO,Bacharelado em Odontologia,,,Voluntario,2025.2
DCBIO,Licenciatura em Ciências Biológica,,,Voluntario,2025.2
DCBIO,Licenciatura em Ciências Biológica,,,Voluntario,2025.2
DCBIO,Enfermagem,,,Voluntario,2025.2
DCBIO,Agronomia,,,Voluntario,2025.2
DCBIO,Odontologia,,,Voluntario,2025.2
DCBIO,Agronomia,,,Voluntario,2025.2
DCBIO,Odontologia,,,Voluntario,2025.2
DCBIO,Odontologia,,,Voluntario,2025.2
DCBIO,Odontologia,,,Voluntario,2025.2
DCBIO,Enfermagem,,,Voluntario,2025.2
DCBIO,Odontologia,,,Voluntario,2025.2
DCBIO,Farmácia,,,Voluntario,2025.2
DCBIO,Enfermagem,,,Voluntario,2025.2
DCBIO,Odontologia,,,Voluntario,2025.2
DCBIO,Odontologia,,,Voluntario,2025.2
DCBIO,Farmácia,,,Voluntario,2025.2
DCBIO,Agronomia,,,Voluntario,2025.2
DCBIO,Licenciatura em Ciências Biológica,,,Voluntario,2025.2
DCBIO,Odontologia,,,Voluntario,2025.2
DCBIO,Odontologia,,,Voluntario,2025.2
DCBIO,Odontologia,,,Voluntario,2025.2
DCBIO,Licenciatura em Ciências Biológica,,,Voluntario,2025.2
DCBIO 35,Odontologia,,,Voluntario,2025.2
DCHF,Pedagogia,,,Voluntario,2025.2
DCHF,Licenciatura em História,,,Voluntario,2025.2
DCHF,Licenciatura em História,,,Voluntario,2025.2
DCHF,Pedagogia,,,Voluntario,2025.2
DCHF,Licenciatura em História,,,Voluntario,2025.2
DCHF,Licenciatura em Geografia,,,Voluntario,2025.2
DCHF,Direito,,,Voluntario,2025.2
DCHF,Psicologia,,,Voluntario,2025.2
DCHF,Pedagogia,,,Voluntario,2025.2
DCHF,Geografia,,,Voluntario,2025.2
DCHF,Direito,,,Voluntario,2025.2
DCHF,Direito,,,Voluntario,2025.2
DCHF,Direito,,,Voluntario,2025.2
DCHF,Direito,,,Voluntario,2025.2
DCHF,Direito,,,Voluntario,2025.2
DCHF,Odontologia,,,Voluntario,2025.2
DCHF,Odontologia,,,Voluntario,2025.2
DCHF,Enfermagem,,,Voluntario,2025.2
DCHF,Bacharelado em Psicologia,,,Voluntario,2025.2
DCHF,Psicologia,,,Voluntario,2025.2
DCHF,Psicologia,,,Voluntario,2025.2
DCHF,Psicologia,,,Voluntario,2025.2
DCHF,Psicologia,,,Voluntario,2025.2
DCHF,Psicologia,,,Voluntario,2025.2
DCHF,Psicologia,,,Voluntario,2025.2
DCHF,Psicologia,,,Voluntario,2025.2
DCHF,Pedagogia,,,Voluntario,2025.2
DCHF,Pedagogia,,,Voluntario,2025.2
DCHF,Psicologia,,,Voluntario,2025.2
DCHF,Licenciatura em Geografia,,,Voluntario,2025.2
DCHF,Direito,,,Voluntario,2025.2
DCHF,Direito,,,Voluntario,2025.2
DCHF,Direito,,,Voluntario,2025.2
DCHF,Psicologia,,,Voluntario,2025.2
DCHF,Psicologia,,,Voluntario,2025.2
DCHF,Psicologia,,,Voluntario,2025.2
DCHF,Bacharelado em Psicologia,,,Voluntario,2025.2
DCHF 38,Bacharelado em Psicologia,,,Voluntario,2025.2
DEXA,Engenharia de Computação,,,Voluntario,2025.2
DEXA,Engenharia de Computação,,,Voluntario,2025.2
DEXA,Engenharia de Computação,,,Voluntario,2025.2
DEXA,Engenharia de Computação,,,Voluntario,2025.2
DEXA,Ciências biológicas,,,Voluntario,2025.2
DEXA,Geografia,,,Voluntario,2025.2
DEXA,Engenharia de Computação,,,Voluntario,2025.2
DEXA,Licenciatura em Matemática,,,Voluntario,2025.2
DEXA,Licenciatura em Matemática,,,Voluntario,2025.2
DEXA,Licenciatura em Química,,,Voluntario,2025.2
DEXA,Licenciatura em Química,,,Voluntario,2025.2
DEXA,Licenciatura em Matemática,,,Voluntario,2025.2
DEXA,Licenciatura em Matemática,,,Voluntario,2025.2
DEXA,Engenharia de Alimentos,,,Voluntario,2025.2
DEXA,Engenharia de Alimentos,,,Voluntario,2025.2
DEXA,Engenharia de Alimentos,,,Voluntario,2025.2
DEXA,Engenharia de Alimentos,,,Voluntario,2025.2
DEXA,Licenciatura em Matemática,,,Voluntario,2025.2
DEXA,Licenciatura em Matemática,,,Voluntario,2025.2
DEXA,Farmácia,,,Voluntario,2025.2
DEXA,Engenharia Civil,,,Voluntario,2025.2
DEXA,Engenharia de Computação,,,Voluntario,2025.2
DEXA,Engenharia de Computação,,,Voluntario,2025.2
DEXA,Bacharelado em Administração,,,Voluntario,2025.2
DEXA,Licenciatura em Matemática,,,Voluntario,2025.2
DEXA,Engenharia Civil,,,Voluntario,2025.2
DEXA,Licenciatura em Matemática,,,Voluntario,2025.2
DEXA,Engenharia de Computação,,,Voluntario,2025.2
DEXA,Licenciatura em Química,,,Voluntario,2025.2
DEXA,Engenharia Civil,,,Voluntario,2025.2
DEXA,Farmácia,,,Voluntario,2025.2
DEXA,Bacharelado em Física,,,Voluntario,2025.2
DEXA,Bacharelado em Ciências Biológicas,,,Voluntario,2025.2
DEXA,Licenciatura em Química,,,Voluntario,2025.2
DEXA,Licenciatura em Física,,,Voluntario,2025.2
DEXA,Engenharia Civil,,,Voluntario,2025.2
DEXA,Engenharia Civil,,,Voluntario,2025.2
DEXA,Engenharia Civil,,,Voluntario,2025.2
DEXA,Engenharia Civil,,,Voluntario,2025.2
DEXA,Engenharia de Computação,,,Voluntario,2025.2
DEXA,Engenharia de Computação,,,Voluntario,2025.2
DEXA,Engenharia Civil,,,Voluntario,2025.2
DEXA,Licenciatura em Matemática,,,Voluntario,2025.2
DEXA,Licenciatura em Química,,,Voluntario,2025.2
DEXA,Licenciatura em Quimica,,,Voluntario,2025.2
DEXA,Ciências Econômicas,,,Voluntario,2025.2
DEXA,Licenciatura em Matemática,,,Voluntario,2025.2
DEXA ,Licenciatura em Matemática,,,Voluntario,2025.2
DEXA,Engenharia de Computação,,,Voluntario,2025.2
DEXA,Engenharia Civil,,,Voluntario,2025.2
DTEC,Engenharia Civil,,,Voluntario,2025.2
DTEC,Engenharia da Computação,,,Voluntario,2025.2
DTEC,Engenharia da Computação,,,Voluntario,2025.2
DTEC,Agronomia,,,Voluntario,2025.2
DTEC,Engenharia de Alimentos,,,Voluntario,2025.2
DTEC,Engenharia de Alimentos,,,Voluntario,2025.2
DTEC,Engenharia de Alimentos,,,Voluntario,2025.2
DTEC 8,Engenharia civil,,,Voluntario,2025.2
DFIS 1,Engenharia Civil,,,Voluntario,2025.2
DLA,Letras – Português e Espanhol,,,Voluntario,2025.2
DLA,Matemática,,,Voluntario,2025.2
DLA,Licenciatura Letras - Inglês,,,Voluntario,2025.2
DLA,Licenciatura Letras - Inglês,,,Voluntario,2025.2
DLA,Pedagogia,,,Voluntario,2025.2
DLA,Pedagogia,,,Voluntario,2025.2
DLA,Engenharia Civil,,,Voluntario,2025.2
DLA,Engenharia Civil,,,Voluntario,2025.2
DLA ,Pedagogia,,,Voluntario,2025.2
DLA ,Licenciatura Letras - Inglês,,,Voluntario,2025.2
DLA ,Licenciatura Letras - Inglês,,,Voluntario,2025.2
DLA 12,Licenciatura Letras - Inglês,,,Voluntario,2025.2
DCIS,Ciências Contábeis,,,Voluntario,2025.2
DCIS,Direito,,,Voluntario,2025.2
DCIS,Direito,,,Voluntario,2025.2
DCIS,Direito,,,Voluntario,2025.2
DCIS,Direito,,,Voluntario,2025.2
DCIS,Direito,,,Voluntario,2025.2
DCIS,Ciências Econômicas,,,Voluntario,2025.2
DCIS,Ciências Econômicas,,,Voluntario,2025.2
DCIS,Ciências Econômicas,,,Voluntario,2025.2
DCIS,Direito,,,Voluntario,2025.2
DCIS,Direito,,,Voluntario,2025.2
DCIS,Direito,,,Voluntario,2025.2
DCIS,Direito,,,Voluntario,2025.2
DCIS,Direito,,,Voluntario,2025.2
DCIS,Direito,,,Voluntario,2025.2
DCIS,Direito,,,Voluntario,2025.2
DCIS,Direito,,,Voluntario,2025.2
DCIS,Direito,,,Voluntario,2025.2
DCIS,Direito,,,Voluntario,2025.2
DCIS,Ciências Econômicas,,,Voluntario,2025.2
DCIS,Ciências Econômicas,,,Voluntario,2025.2
DCIS,Ciências Econômicas,,,Voluntario,2025.2
DCIS,Direito,,,Voluntario,2025.2
DCIS,Direito,,,Voluntario,2025.2
DCIS,Direito,,,Voluntario,2025.2
DCIS,Direito,,,Voluntario,2025.2
DCIS,Direito,,,Voluntario,2025.2
DCIS,Direito,,,Voluntario,2025.2
DCIS,Direito,,,Voluntario,2025.2
DCIS 30,Direito,,,Voluntario,2025.2
DEDU,Licenciatura em Letras - Inglês,,,Voluntario,2025.2
DEDU,Filosofia,,,Voluntario,2025.2
DEDU,Licenciatura em Letras - Inglês,,,Voluntario,2025.2
DEDU,Licenciatura em História,,,Voluntario,2025.2
DEDU,Licenciatura em Letras - Português e Espanhol,,,Voluntario,2025.2
DEDU,Licenciatura em Letras - Português e Espanhol,,,Voluntario,2025.2
DEDU 7,Letras – Língua Portuguesa,,,Voluntario,2025.2
DSAU,Odontologia,,,Voluntario,2025.1
DSAU,Odontologia,,,Voluntario,2025.1
DSAU,Odontologia,,,Voluntario,2025.1
DSAU,Odontologia,,,Voluntario,2025.1
DSAU,Enfermagem,,,Voluntario,2025.1
DSAU,Enfermagem,,,Voluntario,2025.1
DSAU,Farmácia,,,Voluntario,2025.1
DSAU,Odontologia,,,Voluntario,2025.1
DSAU,Odontologia,,,Voluntario,2025.1
DSAU,Farmácia,,,Voluntario,2025.1
DSAU,Farmácia,,,Voluntario,2025.1
DSAU,Farmácia,,,Voluntario,2025.1
DSAU,Odontologia,,,Voluntario,2025.1
DSAU,Odontologia,,,Voluntario,2025.1
DSAU,Medicina,,,Voluntario,2025.1
DSAU,Enfermagem,,,Voluntario,2025.1
DSAU,Medicina,,,Voluntario,2025.1
DSAU,Odontologia,,,Voluntario,2025.1
DSAU,Odontologia,,,Voluntario,2025.1
DSAU,Medicina,,,Voluntario,2025.1
DSAU,Medicina,,,Voluntario,2025.1
DSAU,Odontologia,,,Voluntario,2025.1
DSAU,Odontologia,,,Voluntario,2025.1
DSAU,Odontologia,,,Voluntario,2025.1
DSAU,Odontologia,,,Voluntario,2025.1
DSAU,Medicina,,,Voluntario,2025.1
DSAU,Odontologia,,,Voluntario,2025.1
DSAU,Odontologia,,,Voluntario,2025.1
DSAU,Odontologia,,,Voluntario,2025.1
DSAU,Odontologia,,,Voluntario,2025.1
DSAU,Odontologia,,,Voluntario,2025.1
DSAU,Odontologia,,,Voluntario,2025.1
DSAU,Odontologia,,,Voluntario,2025.1
DSAU,Enfermagem,,,Voluntario,2025.1
DSAU,Farmácia,,,Voluntario,2025.1
DSAU,Medicina,,,Voluntario,2025.1
DSAU ,Farmácia,,,Voluntario,2025.1
DSAU ,Odontologia,,,Voluntario,2025.1
DSAU ,Odontologia,,,Voluntario,2025.1
DSAU,Odontologia,,,Voluntario,2025.1
DSAU,Medicina,,,Voluntario,2025.1
DSAU,Farmácia,,,Voluntario,2025.1
DSAU ,Odontologia,,,Voluntario,2025.1
DSAU,Odontologia,,,Voluntario,2025.1
DSAU,Odontologia,,,Voluntario,2025.1
DSAU,Odontologia,,,Voluntario,2025.1
DSAU,Odontologia,,,Voluntario,2025.1
DSAU,Odontologia,,,Voluntario,2025.1
DSAU,Odontologia,,,Voluntario,2025.1
DSAU,Odontologia,,,Voluntario,2025.1
DSAU,Odontologia,,,Voluntario,2025.1
DSAU,Odontologia,,,Voluntario,2025.1
DSAU,Odontologia,,,Voluntario,2025.1
DSAU ,Odontologia,,,Voluntario,2025.1
DSAU ,Odontologia,,,Voluntario,2025.1
DSAU ,Odontologia,,,Voluntario,2025.1
DSAU ,Odontologia,,,Voluntario,2025.1
DSAU ,Odontologia,,,Voluntario,2025.1
DSAU ,Odontologia,,,Voluntario,2025.1
DSAU 60,Odontologia,,,Voluntario,2025.1
DCBIO,Agronomia,,,Voluntario,2025.1
DCBIO,Ciências Biológicas,,,Voluntario,2025.1
DCBIO,Ciências Biológicas,,,Voluntario,2025.1
DCBIO,Enfermagem,,,Voluntario,2025.1
DCBIO,Enfermagem,,,Voluntario,2025.1
DCBIO,Ciências Biológicas,,,Voluntario,2025.1
DCBIO,Odontologia,,,Voluntario,2025.1
DCBIO,Odontologia,,,Voluntario,2025.1
DCBIO,Farmácia,,,Voluntario,2025.1
DCBIO,Farmácia,,,Voluntario,2025.1
DCBIO,Enfermagem,,,Voluntario,2025.1
DCBIO,Enfermagem,,,Voluntario,2025.1
DCBIO,Enfermagem,,,Voluntario,2025.1
DCBIO,Enfermagem,,,Voluntario,2025.1
DCBIO,Bacharelado em Ciências Biológicas,,,Voluntario,2025.1
DCBIO,Agronomia,,,Voluntario,2025.1
DCBIO,Odontologia,,,Voluntario,2025.1
DCBIO,Agronomia,,,Voluntario,2025.1
DCBIO,Agronomia,,,Voluntario,2025.1
DCBIO,Agronomia,,,Voluntario,2025.1
DCBIO,Farmácia,,,Voluntario,2025.1
DCBIO,Enfermagem,,,Voluntario,2025.1
DCBIO,Odontologia,,,Voluntario,2025.1
DCBIO,Odontologia,,,Voluntario,2025.1
DCBIO,Odontologia,,,Voluntario,2025.1
DCBIO,Agronomia,,,Voluntario,2025.1
DCBIO,Licenciatura em Ciências Biológicas,,,Voluntario,2025.1
DCBIO,Farmácia,,,Voluntario,2025.1
DCBIO,Enfermagem,,,Voluntario,2025.1
DCBIO,Odontologia,,,Voluntario,2025.1
DCBIO,Odontologia,,,Voluntario,2025.1
DCBIO,Odontologia,,,Voluntario,2025.1
DCBIO,Odontologia,,,Voluntario,2025.1
DCBIO,Licenciatura em Ciências Biológicas,,,Voluntario,2025.1
DCBIO,Bacharelado em Ciências Biológicas,,,Voluntario,2025.1
DCBIO,Licenciatura em Ciências Biológicas,,,Voluntario,2025.1
DCBIO,Odontologia,,,Voluntario,2025.1
DCBIO,Licenciatura Educação Física,,,Voluntario,2025.1
DCBIO,Licenciatura em Ciências Biológicas,,,Voluntario,2025.1
DCBIO 40,Agronomia,,,Voluntario,2025.1
DCHF,Psicologia,,,Voluntario,2025.1
DCHF,Licenciatura em História,,,Voluntario,2025.1
DCHF,Bacharelado em Psicologia,,,Voluntario,2025.1
DCHF,Agronomia,,,Voluntario,2025.1
DCHF,Licenciatura em Geografia,,,Voluntario,2025.1
DCHF,Licenciatura em Geografia,,,Voluntario,2025.1
DCHF,Geografia,,,Voluntario,2025.1
DCHF,Licenciatura em História,,,Voluntario,2025.1
DCHF,Psicologia,,,Voluntario,2025.1
DCHF,Odontologia,,,Voluntario,2025.1
DCHF,Odontologia,,,Voluntario,2025.1
DCHF,Licenciatura em História,,,Voluntario,2025.1
DCHF,Psicologia,,,Voluntario,2025.1
DCHF,Psicologia,,,Voluntario,2025.1
DCHF,Geografia,,,Voluntario,2025.1
DCHF,Psicologia,,,Voluntario,2025.1
DCHF,Direito,,,Voluntario,2025.1
DCHF,Direito,,,Voluntario,2025.1
DCHF,Licenciatura em Geografia,,,Voluntario,2025.1
DCHF,Psicologia,,,Voluntario,2025.1
DCHF,Bacharelado em Psicologia,,,Voluntario,2025.1
DCHF,Licenciatura em Geografia,,,Voluntario,2025.1
DCHF,Ciências Econômicas,,,Voluntario,2025.1
DCHF,Ciências Econômicas,,,Voluntario,2025.1
DCHF,Direito,,,Voluntario,2025.1
DCHF,Direito,,,Voluntario,2025.1
DCHF,Direito,,,Voluntario,2025.1
DCHF,Direito,,,Voluntario,2025.1
DCHF,Direito,,,Voluntario,2025.1
DCHF,Direito,,,Voluntario,2025.1
DCHF,Direito,,,Voluntario,2025.1
DCHF,Direito,,,Voluntario,2025.1
DCHF ,Direito,,,Voluntario,2025.1
DCHF,Psicologia,,,Voluntario,2025.1
DCHF ,Psicologia,,,Voluntario,2025.1
DCHF ,Psicologia,,,Voluntario,2025.1
DCHF ,Psicologia,,,Voluntario,2025.1
DCHF ,Psicologia,,,Voluntario,2025.1
DCHF ,Psicologia,,,Voluntario,2025.1
DCHF ,Psicologia,,,Voluntario,2025.1
DCHF ,Psicologia,,,Voluntario,2025.1
DCHF ,Psicologia,,,Voluntario,2025.1
DCHF,Enfermagem,,,Voluntario,2025.1
DCHF ,Psicologia,,,Voluntario,2025.1
DCHF ,Enfermagem,,,Voluntario,2025.1
DCHF  46,Psicologia,,,Voluntario,2025.1
DEXA,Engenharia Civil,,,Voluntario,2025.1
DEXA,Engenharia de Computação,,,Voluntario,2025.1
DEXA,Engenharia de Computação,,,Voluntario,2025.1
DEXA,Engenharia Civil,,,Voluntario,2025.1
DEXA,Licenciatura em Matemática,,,Voluntario,2025.1
DEXA,Engenharia Civil,,,Voluntario,2025.1
DEXA,Licenciatura em Matemática,,,Voluntario,2025.1
DEXA,Licenciatura em Matemática,,,Voluntario,2025.1
DEXA,Licenciatura em Matemática,,,Voluntario,2025.1
DEXA,Engenharia de Alimentos,,,Voluntario,2025.1
DEXA,Licenciatura em Química,,,Voluntario,2025.1
DEXA,Farmácia,,,Voluntario,2025.1
DEXA,Farmácia,,,Voluntario,2025.1
DEXA,Farmácia,,,Voluntario,2025.1
DEXA,Licenciatura em Química,,,Voluntario,2025.1
DEXA,Licenciatura em Química,,,Voluntario,2025.1
DEXA,Farmácia,,,Voluntario,2025.1
DEXA,Farmácia,,,Voluntario,2025.1
DEXA,Farmácia,,,Voluntario,2025.1
DEXA,Farmácia,,,Voluntario,2025.1
DEXA,Licenciatura em Matemática,,,Voluntario,2025.1
DEXA,Licenciatura em Matemática,,,Voluntario,2025.1
DEXA,Licenciatura em Física,,,Voluntario,2025.1
DEXA,Engenharia Civil,,,Voluntario,2025.1
DEXA,Engenharia Civil,,,Voluntario,2025.1
DEXA,Engenharia Civil,,,Voluntario,2025.1
DEXA,Licenciatura em Química,,,Voluntario,2025.1
DEXA,Licenciatura em Química,,,Voluntario,2025.1
DEXA,Licenciatura em Matemática,,,Voluntario,2025.1
DEXA,Licenciatura em Matemática,,,Voluntario,2025.1
DEXA,Bacharelado em Administração,,,Voluntario,2025.1
DEXA,Bacharelado em Administração,,,Voluntario,2025.1
DEXA,Bacharelado em Administração,,,Voluntario,2025.1
DEXA,Licenciatura em Física,,,Voluntario,2025.1
DEXA,Farmácia,,,Voluntario,2025.1
DEXA,Farmácia,,,Voluntario,2025.1
DEXA,Bacharelado em Farmácia,,,Voluntario,2025.1
DEXA,Bacharelado em Engenharia Civil,,,Voluntario,2025.1
DEXA,Bacharelado em Farmácia,,,Voluntario,2025.1
DEXA,Engenharia da Computação,,,Voluntario,2025.1
DEXA,Engenharia Civil,,,Voluntario,2025.1
DEXA,Agronomia,,,Voluntario,2025.1
DEXA,Engenharia de Alimentos,,,Voluntario,2025.1
DEXA,Engenharia de Alimentos,,,Voluntario,2025.1
DEXA,Engenharia de Alimentos,,,Voluntario,2025.1
DEXA,Engenharia de Alimentos,,,Voluntario,2025.1
DEXA,Engenharia Civil,,,Voluntario,2025.1
DEXA,Engenharia Civil,,,Voluntario,2025.1
DEXA,Engenharia Civil,,,Voluntario,2025.1
DEXA,Engenharia Civil,,,Voluntario,2025.1
DEXA,Engenharia Civil,,,Voluntario,2025.1
DEXA 52,Engenharia Civil,,,Voluntario,2025.1
DTEC,Engenharia Civil,,,Voluntario,2025.1
DTEC,Engenharia Civil,,,Voluntario,2025.1
DTEC,Engenharia Civil,,,Voluntario,2025.1
DTEC,Engenharia Civil,,,Voluntario,2025.1
DTEC,Engenharia Civil,,,Voluntario,2025.1
DTEC,Engenharia de Alimentos,,,Voluntario,2025.1
DTEC,Engenharia de Alimentos,,,Voluntario,2025.1
DTEC,Agronomia,,,Voluntario,2025.1
DTEC,Engenharia de Alimentos,,,Voluntario,2025.1
DTEC,Engenharia de Alimentos,,,Voluntario,2025.1
DTEC,Engenharia Civil,,,Voluntario,2025.1
DTEC,Engenharia Civil,,,Voluntario,2025.1
DTEC,Engenharia de Alimentos,,,Voluntario,2025.1
DTEC,Engenharia de Alimentos,,,Voluntario,2025.1
DTEC 15,Engenharia de Alimentos,,,Voluntario,2025.1
DFIS,Licenciatura em Física,,,Voluntario,2025.1
DFIS,Licenciatura em Física,,,Voluntario,2025.1
DFIS 3,Engenharia Civil,,,Voluntario,2025.1
DLA,Engenharia Civil,,,Voluntario,2025.1
DLA,Engenharia Civil,,,Voluntario,2025.1
DLA,Engenharia Civil,,,Voluntario,2025.1
DLA,Engenharia Civil,,,Voluntario,2025.1
DLA,Engenharia Civil,,,Voluntario,2025.1
DLA,Letras - Inglês,,,Voluntario,2025.1
DLA,Letras - Língua Portuguesa,,,Voluntario,2025.1
DLA,Engenharia Civil,,,Voluntario,2025.1
DLA,Engenharia Civil,,,Voluntario,2025.1
DLA,Engenharia Civil,,,Voluntario,2025.1
DLA,Engenharia Civil,,,Voluntario,2025.1
DLA,Engenharia Civil,,,Voluntario,2025.1
DLA,Engenharia Civil,,,Voluntario,2025.1
DLA,Engenharia Civil,,,Voluntario,2025.1
DLA,Engenharia Civil,,,Voluntario,2025.1
DLA,Engenharia Civil,,,Voluntario,2025.1
DLA,Engenharia Civil,,,Voluntario,2025.1
DLA,Engenharia Civil,,,Voluntario,2025.1
DLA,Engenharia Civil,,,Voluntario,2025.1
DLA ,Engenharia Civil,,,Voluntario,2025.1
DLA ,Letras - Portugês e Espanhol,,,Voluntario,2025.1
DLA ,Licenciatura em Letras-Inglês,,,Voluntario,2025.1
DLA 21,Licenciatura em Letras-Inglês,,,Voluntario,2025.1
DCIS,Ciências Econômicas,,,Voluntario,2025.1
DCIS,Direito,,,Voluntario,2025.1
DCIS,Ciências Econômicas,,,Voluntario,2025.1
DCIS,Direito,,,Voluntario,2025.1
DCIS,Direito,,,Voluntario,2025.1
DCIS,Direito,,,Voluntario,2025.1
DCIS,Ciências Econômicas,,,Voluntario,2025.1
DCIS,Direito,,,Voluntario,2025.1
DCIS,Direito,,,Voluntario,2025.1
DCIS,Direito,,,Voluntario,2025.1
DCIS,Direito,,,Voluntario,2025.1
DCIS,Direito,,,Voluntario,2025.1
DCIS,Direito,,,Voluntario,2025.1
DCIS,Direito,,,Voluntario,2025.1
DCIS,Direito,,,Voluntario,2025.1
DCIS,Direito,,,Voluntario,2025.1
DCIS,Direito,,,Voluntario,2025.1
DCIS,Direito,,,Voluntario,2025.1
DCIS,Direito,,,Voluntario,2025.1
DCIS,Direito,,,Voluntario,2025.1
DCIS,Direito,,,Voluntario,2025.1
DCIS,Direito,,,Voluntario,2025.1
DCIS,Direito,,,Voluntario,2025.1
DCIS,Direito,,,Voluntario,2025.1
DCIS,Direito,,,Voluntario,2025.1
DCIS,Direito,,,Voluntario,2025.1
DCIS,Direito,,,Voluntario,2025.1
DCIS,Direito,,,Voluntario,2025.1
DCIS,Direito,,,Voluntario,2025.1
DCIS 30,Direito,,,Voluntario,2025.1
DEDU,Psicologia,,,Voluntario,2025.1
DEDU,Licenciatura em Letras - Português e Espanhol,,,Voluntario,2025.1
DEDU,Licenciatura em Letras - Português e Espanhol,,,Voluntario,2025.1
DEDU,Licenciatura em História,,,Voluntario,2025.1
DEDU,Letras – Língua Portuguesa,,,Voluntario,2025.1
DEDU,Letras – Língua Portuguesa,,,Voluntario,2025.1
DEDU,Pedagogia,,,Voluntario,2025.1
DEDU 8,Letras – Língua Portuguesa,,,Voluntario,2025.1
DSAU,Odontologia,,,Voluntario,2026.2
DSAU,Odontologia,,,Voluntario,2026.2
DSAU,Enfermagem,,,Voluntario,2026.2
DSAU,Odontologia,,,Voluntario,2026.2
DSAU,Odontologia,,,Voluntario,2026.2
DSAU,Farmácia,,,Voluntario,2026.2
DSAU,Odontologia,,,Voluntario,2026.2
DSAU,Enfermagem,,,Voluntario,2026.2
DSAU,Enfermagem,,,Voluntario,2026.2
DSAU,Enfermagem,,,Voluntario,2026.2
DSAU,Enfermagem,,,Voluntario,2026.2
DSAU,Medicina ,,,Voluntario,2026.2
DSAU,Medicina,,,Voluntario,2026.2
DSAU,Farmácia,,,Voluntario,2026.2
DSAU,Odontologia,,,Voluntario,2026.2
DSAU,Odontologia,,,Voluntario,2026.2
DSAU,Medicina ,,,Voluntario,2026.2
DSAU,Odontologia,,,Voluntario,2026.2
DSAU,Odontologia,,,Voluntario,2026.2
DSAU,Enfermagem,,,Voluntario,2026.2
DSAU,Odontologia,,,Voluntario,2026.2
DSAU,Enfermagem,,,Voluntario,2026.2
DSAU,Enfermagem,,,Voluntario,2026.2
DSAU,Medicina,,,Voluntario,2026.2
DSAU,Odontologia ,,,Voluntario,2026.2
DSAU,Farmácia,,,Voluntario,2026.2
DSAU,Farmácia,,,Voluntario,2026.2
DSAU,Farmácia,,,Voluntario,2026.2
DSAU,Odontologia,,,Voluntario,2026.2
DSAU,Odontologia ,,,Voluntario,2026.2
DSAU,Odontologia,,,Voluntario,2026.2
DSAU,Odontologia,,,Voluntario,2026.2
DSAU,Odontologia,,,Voluntario,2026.2
DSAU,Odontologia,,,Voluntario,2026.2
DSAU,Odontologia,,,Voluntario,2026.2
DSAU,Odontologia,,,Voluntario,2026.2
DSAU ,Odontologia,,,Voluntario,2026.2
DSAU ,Odontologia,,,Voluntario,2026.2
DSAU ,Odontologia,,,Voluntario,2026.2
DSAU,Farmácia,,,Voluntario,2026.2
DSAU,Odontologia,,,Voluntario,2026.2
DSAU,Odontologia,,,Voluntario,2026.2
DSAU ,Odontologia,,,Voluntario,2026.2
DSAU,Odontologia,,,Voluntario,2026.2
DSAU,Odontologia,,,Voluntario,2026.2
DSAU,Medicina,,,Voluntario,2026.2
DSAU,Odontologia,,,Voluntario,2026.2
DSAU,Medicina,,,Voluntario,2026.2
DSAU,Medicina,,,Voluntario,2026.2
DSAU,Medicina,,,Voluntario,2026.2
DSAU,Medicina,,,Voluntario,2026.2
DSAU,Medicina,,,Voluntario,2026.2
DSAU,Medicina,,,Voluntario,2026.2
DSAU ,Odontologia,,,Voluntario,2026.2
DSAU ,Enfermagem,,,Voluntario,2026.2
DSAU ,farmacia ,,,Voluntario,2026.2
DSAU ,Odontologia,,,Voluntario,2026.2
DSAU ,Odontologia,,,Voluntario,2026.2
DSAU ,Odontologia,,,Voluntario,2026.2
DSAU ,Odontologia,,,Voluntario,2026.2
DSAU ,Odontoligia,,,Voluntario,2026.2
DSAU ,Enfermagem,,,Voluntario,2026.2
DSAU ,Enfermegem,,,Voluntario,2026.2
DSAU ,Odontologia,,,Voluntario,2026.2
DSAU ,Odontologia,,,Voluntario,2026.2
DSAU ,Odontologia,,,Voluntario,2026.2
DSAU ,Odontologia,,,Voluntario,2026.2
DSAU ,Odontologia,,,Voluntario,2026.2
DSAU ,Odontologia,,,Voluntario,2026.2
DSAU 70,Odontologia,,,Voluntario,2026.2
DCBIO,Agronomia,,,Voluntario,2026.2
DCBIO,Bacharelado em Ciências Biológicas,,,Voluntario,2026.2
DCBIO,Agronomia,,,Voluntario,2026.2
DCBIO,Agronomia,,,Voluntario,2026.2
DCBIO,Odontologia,,,Voluntario,2026.2
DCBIO,Odontologia,,,Voluntario,2026.2
DCBIO,Bacharelado em Ciências Biológicas,,,Voluntario,2026.2
DCBIO,Odontologia,,,Voluntario,2026.2
DCBIO,Odontologia,,,Voluntario,2026.2
DCBIO,Licenciatura em Ciências Biológicas,,,Voluntario,2026.2
DCBIO,Enfermagem,,,Voluntario,2026.2
DCBIO,Odontologia,,,Voluntario,2026.2
DCBIO,Enfermagem,,,Voluntario,2026.2
DCBIO,Bacharelado em Ciências Biológicas,,,Voluntario,2026.2
DCBIO,Farmácia,,,Voluntario,2026.2
DCBIO,Ciências Biológicas,,,Voluntario,2026.2
DCBIO,Odontologia,,,Voluntario,2026.2
DCBIO,Odontologia,,,Voluntario,2026.2
DCBIO,Odontologia,,,Voluntario,2026.2
DCBIO,Odontologia,,,Voluntario,2026.2
DCBIO,Odontologia,,,Voluntario,2026.2
DCBIO,Odontologia,,,Voluntario,2026.2
DCBIO,Farmácia,,,Voluntario,2026.2
DCBIO,Odontologia,,,Voluntario,2026.2
DCBIO,Agronomia,,,Voluntario,2026.2
DCBIO,Agronomia,,,Voluntario,2026.2
DCBIO,Licenciatura Em Ciências Biólogicas,,,Voluntario,2026.2
DCBIO,Odontologia,,,Voluntario,2026.2
DCBIO,Bacharelado em Ciências Biológicas,,,Voluntario,2026.2
DCBIO,Bacharelado em Ciências Biológicas,,,Voluntario,2026.2
DCBIO,Licenciatura em Ciências Biológicas,,,Voluntario,2026.2
DCBIO,Odontologia,,,Voluntario,2026.2
DCBIO,Ciências Biológicas- Licenciatura,,,Voluntario,2026.2
DCBIO,Farmácia,,,Voluntario,2026.2
DCBIO,Agronomia,,,Voluntario,2026.2
DCBIO,Farmácia,,,Voluntario,2026.2
DCBIO,Agronomia,,,Voluntario,2026.2
DCBIO,Farmácia,,,Voluntario,2026.2
DCBIO 39,Odontologia,,,Voluntario,2026.2
DCHF,Psicologia,,,Voluntario,2026.2
DCHF,Licenciatura em Geografia,,,Voluntario,2026.2
DCHF,Bacharelado em Geografia,,,Voluntario,2026.2
DCHF,Licenciatura em Geografia,,,Voluntario,2026.2
DCHF,Psicologia,,,Voluntario,2026.2
DCHF,Licenciatura em Geografia,,,Voluntario,2026.2
DCHF,Psicologia,,,Voluntario,2026.2
DCHF,Licenciatura em Geografia,,,Voluntario,2026.2
DCHF,Licenciatura em  Geografia,,,Voluntario,2026.2
DCHF,Psicologia,,,Voluntario,2026.2
DCHF,Psicologia,,,Voluntario,2026.2
DCHF,Psicologia,,,Voluntario,2026.2
DCHF,Psicologia,,,Voluntario,2026.2
DCHF,Psicologia,,,Voluntario,2026.2
DCHF,Direito,,,Voluntario,2026.2
DCHF,Direito,,,Voluntario,2026.2
DCHF,Direito,,,Voluntario,2026.2
DCHF,Licenciatura em História ,,,Voluntario,2026.2
DCHF,Licenciatura em História,,,Voluntario,2026.2
DCHF,Enfermagem,,,Voluntario,2026.2
DCHF,Odontologia,,,Voluntario,2026.2
DCHF,Odontologia,,,Voluntario,2026.2
DCHF,História,,,Voluntario,2026.2
DCHF,História,,,Voluntario,2026.2
DCHF,História,,,Voluntario,2026.2
DCHF,História,,,Voluntario,2026.2
DCHF,História,,,Voluntario,2026.2
DCHF,História,,,Voluntario,2026.2
DCHF,História,,,Voluntario,2026.2
DCHF,Direito,,,Voluntario,2026.2
DCHF 31,Bacharelado em Geografia,,,Voluntario,2026.2
DEXA,Licenciatura em Química,,,Voluntario,2026.2
DEXA,Farmácia,,,Voluntario,2026.2
DEXA,Farmácia,,,Voluntario,2026.2
DEXA,Farmácia,,,Voluntario,2026.2
DEXA,Engenharia de Alimentos,,,Voluntario,2026.2
DEXA,Engenharia de Alimentos,,,Voluntario,2026.2
DEXA,Licenciatura em Química,,,Voluntario,2026.2
DEXA,Engenharia da Computação,,,Voluntario,2026.2
DEXA,Engenharia da Computação,,,Voluntario,2026.2
DEXA,Farmácia,,,Voluntario,2026.2
DEXA,Farmácia,,,Voluntario,2026.2
DEXA,Engenharia Civil,,,Voluntario,2026.2
DEXA,Licenciatura em Matemática,,,Voluntario,2026.2
DEXA,Engenharia Civil,,,Voluntario,2026.2
DEXA,Bacharelado em Administração,,,Voluntario,2026.2
DEXA,Bacharelado em administração,,,Voluntario,2026.2
DEXA,Bacharelado em Administração,,,Voluntario,2026.2
DEXA,Farmácia,,,Voluntario,2026.2
DEXA,Engenharia de Alimentos,,,Voluntario,2026.2
DEXA,Engenharia Civil,,,Voluntario,2026.2
DEXA,Bacharelado em Farmácia,,,Voluntario,2026.2
DEXA,Engenharia Civil,,,Voluntario,2026.2
DEXA,Licenciatura em Física,,,Voluntario,2026.2
DEXA,Licenciatura em Química,,,Voluntario,2026.2
DEXA,Engenharia de Computação,,,Voluntario,2026.2
DEXA,Licenciatura em Matemática,,,Voluntario,2026.2
DEXA,Farmácia,,,Voluntario,2026.2
DEXA,Licenciatura em Matemática,,,Voluntario,2026.2
DEXA,Ciências Biológicas/Bacharelado,,,Voluntario,2026.2
DEXA,Engenharia Civil,,,Voluntario,2026.2
DEXA,Licenciatura em Matemática,,,Voluntario,2026.2
DEXA,Engenharia Civil,,,Voluntario,2026.2
DEXA,Agronomia,,,Voluntario,2026.2
DEXA,Engenharia Civil,,,Voluntario,2026.2
DEXA,Engenharia Civil,,,Voluntario,2026.2
DEXA 36,Engenharia Civil,,,Voluntario,2026.2
DTEC,Engenharia de Alimentos,,,Voluntario,2026.2
DTEC,Engenharia Civil,,,Voluntario,2026.2
DTEC,Agronomia,,,Voluntario,2026.2
DTEC,Engenharia Civil,,,Voluntario,2026.2
DTEC,Engenharia Civil,,,Voluntario,2026.2
DTEC,Engenharia Civil,,,Voluntario,2026.2
DTEC,Engenharia Civil,,,Voluntario,2026.2
DTEC,Engenharia da Computação,,,Voluntario,2026.2
DTEC,Engenharia Civil,,,Voluntario,2026.2
DTEC 10,Engenharia de Alimentos,,,Voluntario,2026.2
DFIS,Engenharia Civil,,,Voluntario,2026.2
DFIS 2,Licenciatura em Física,,,Voluntario,2026.2
DLA,Letras Português e Francês,,,Voluntario,2026.2
DLA,Engenharia Civil ,,,Voluntario,2026.2
DLA,Engenharia de Alimentos,,,Voluntario,2026.2
DLA,Licenciatura em Matemática,,,Voluntario,2026.2
DLA,Licenciatura em Matemática,,,Voluntario,2026.2
DLA,Engenharia Civil,,,Voluntario,2026.2
DLA,Engenharia Civil,,,Voluntario,2026.2
DLA 8,Licenciatura em Letras - Inglês,,,Voluntario,2026.2
DCIS,Direito,,,Voluntario,2026.2
DCIS,Direito,,,Voluntario,2026.2
DCIS,Ciências Contábeis,,,Voluntario,2026.2
DCIS,Direito,,,Voluntario,2026.2
DCIS,Agronomia,,,Voluntario,2026.2
DCIS,Agronomia,,,Voluntario,2026.2
DCIS,Agronomia,,,Voluntario,2026.2
DCIS,Direito,,,Voluntario,2026.2
DCIS,Direito,,,Voluntario,2026.2
DCIS,Direito,,,Voluntario,2026.2
DCIS,Ciências Contábeis ,,,Voluntario,2026.2
DCIS,Direito,,,Voluntario,2026.2
DCIS,Direito,,,Voluntario,2026.2
DCIS,Ciências Contábeis ,,,Voluntario,2026.2
DCIS,Direito,,,Voluntario,2026.2
DCIS,Direito,,,Voluntario,2026.2
DCIS,Ciências Econômicas,,,Voluntario,2026.2
DCIS,Ciências Econômicas,,,Voluntario,2026.2
DCIS,Ciências Econômicas,,,Voluntario,2026.2
DCIS,Direito,,,Voluntario,2026.2
DCIS,Direito,,,Voluntario,2026.2
DCIS,Direito,,,Voluntario,2026.2
DCIS,Direito,,,Voluntario,2026.2
DCIS,Direito,,,Voluntario,2026.2
DCIS,Direito,,,Voluntario,2026.2
DCIS,Direito,,,Voluntario,2026.2
DCIS,Direito,,,Voluntario,2026.2
DCIS,Ciências Econômicas,,,Voluntario,2026.2
DCIS,Direito,,,Voluntario,2026.2
DCIS,Direito,,,Voluntario,2026.2
DCIS,Direito,,,Voluntario,2026.2
DCIS,Direito,,,Voluntario,2026.2
DCIS,Direito,,,Voluntario,2026.2
DCIS,Direito,,,Voluntario,2026.2
DCIS,Direito,,,Voluntario,2026.2
DCIS,Direito,,,Voluntario,2026.2
DCIS,Direito,,,Voluntario,2026.2
DCIS,Direito ,,,Voluntario,2026.2
DCIS,Direito ,,,Voluntario,2026.2
DCIS,Direito ,,,Voluntario,2026.2
DCIS,Direito ,,,Voluntario,2026.2
DCIS,Direito ,,,Voluntario,2026.2
DCIS,Direito,,,Voluntario,2026.2
DCIS,Ciências Contábeis ,,,Voluntario,2026.2
DCIS,Direito ,,,Voluntario,2026.2
DCIS ,Direito,,,Voluntario,2026.2
DCIS ,Direito,,,Voluntario,2026.2
DCIS ,Direito,,,Voluntario,2026.2
DCIS ,Direito,,,Voluntario,2026.2
DCIS ,Ciências Econômicas,,,Voluntario,2026.2
DCIS ,Direito,,,Voluntario,2026.2
DCIS 52,Direito,,,Voluntario,2026.2
DEDU,Licenciatura em Geografia,,,Voluntario,2026.2
DEDU,Licenciatura em Letras - Língua Portuguesa,,,Voluntario,2026.2
DEDU,Licenciatura em Letras - Português e Espanhol,,,Voluntario,2026.2
DEDU,Licenciatura em Letras – Português e Espanhol,,,Voluntario,2026.2
DEDU,Letras Vernáculas ,,,Voluntario,2026.2
DEDU,Letras Vernáculas ,,,Voluntario,2026.2
DEDU,História ,,,Voluntario,2026.2
DEDU,Química,,,Voluntario,2026.2
DEDU 9,Licenciatura em História,,,Voluntario,2026.2
